use vk;

INSERT INTO `users` (`id`, `firstname`, `lastname`, `email`, `phone`) VALUES ('1', 'Ervin', 'Bernier', 'hreynolds@example.net', '531170');
INSERT INTO `users` (`id`, `firstname`, `lastname`, `email`, `phone`) VALUES ('2', 'Corene', 'Ebert', 'barney.emard@example.com', '515');
INSERT INTO `users` (`id`, `firstname`, `lastname`, `email`, `phone`) VALUES ('3', 'Hank', 'Kris', 'korbin.doyle@example.org', '0');
INSERT INTO `users` (`id`, `firstname`, `lastname`, `email`, `phone`) VALUES ('4', 'Ethelyn', 'Wintheiser', 'bahringer.laisha@example.org', '1');
INSERT INTO `users` (`id`, `firstname`, `lastname`, `email`, `phone`) VALUES ('5', 'Verda', 'O\'Keefe', 'fredy.koelpin@example.org', '0');
INSERT INTO `users` (`id`, `firstname`, `lastname`, `email`, `phone`) VALUES ('6', 'Kayleigh', 'DuBuque', 'mherzog@example.org', '0');
INSERT INTO `users` (`id`, `firstname`, `lastname`, `email`, `phone`) VALUES ('7', 'Art', 'Murray', 'darrel.mcclure@example.net', '1');
INSERT INTO `users` (`id`, `firstname`, `lastname`, `email`, `phone`) VALUES ('8', 'Jedediah', 'Reynolds', 'hazel75@example.com', '21');
INSERT INTO `users` (`id`, `firstname`, `lastname`, `email`, `phone`) VALUES ('9', 'Bell', 'Gerlach', 'ernie.zemlak@example.net', '1');
INSERT INTO `users` (`id`, `firstname`, `lastname`, `email`, `phone`) VALUES ('10', 'Ocie', 'Morissette', 'hoppe.hattie@example.net', '714877');
INSERT INTO `users` (`id`, `firstname`, `lastname`, `email`, `phone`) VALUES ('11', 'Lacy', 'Weissnat', 'djohnson@example.org', '0');
INSERT INTO `users` (`id`, `firstname`, `lastname`, `email`, `phone`) VALUES ('12', 'Molly', 'Hirthe', 'sonia34@example.net', '643995');
INSERT INTO `users` (`id`, `firstname`, `lastname`, `email`, `phone`) VALUES ('13', 'Barrett', 'Stark', 'harris.willis@example.com', '977');
INSERT INTO `users` (`id`, `firstname`, `lastname`, `email`, `phone`) VALUES ('14', 'Mellie', 'Von', 'kuhlman.arely@example.org', '9935326425');
INSERT INTO `users` (`id`, `firstname`, `lastname`, `email`, `phone`) VALUES ('15', 'Jayden', 'Terry', 'chesley.cummings@example.com', '3263007034');
INSERT INTO `users` (`id`, `firstname`, `lastname`, `email`, `phone`) VALUES ('16', 'Idella', 'Zieme', 'ottilie24@example.com', '467');
INSERT INTO `users` (`id`, `firstname`, `lastname`, `email`, `phone`) VALUES ('17', 'Lindsey', 'Jenkins', 'lora.farrell@example.net', '1');
INSERT INTO `users` (`id`, `firstname`, `lastname`, `email`, `phone`) VALUES ('18', 'Doyle', 'Sporer', 'myrl.rodriguez@example.com', '1');
INSERT INTO `users` (`id`, `firstname`, `lastname`, `email`, `phone`) VALUES ('19', 'Rickey', 'Harris', 'vaughn.gottlieb@example.org', '1');
INSERT INTO `users` (`id`, `firstname`, `lastname`, `email`, `phone`) VALUES ('20', 'Richie', 'Koss', 'guido.baumbach@example.com', '30');
INSERT INTO `users` (`id`, `firstname`, `lastname`, `email`, `phone`) VALUES ('21', 'Marta', 'Bernhard', 'wfisher@example.com', '347');
INSERT INTO `users` (`id`, `firstname`, `lastname`, `email`, `phone`) VALUES ('22', 'Werner', 'Adams', 'daniel.magdalen@example.org', '1');
INSERT INTO `users` (`id`, `firstname`, `lastname`, `email`, `phone`) VALUES ('23', 'Abbigail', 'VonRueden', 'cremin.ansel@example.com', '764');
INSERT INTO `users` (`id`, `firstname`, `lastname`, `email`, `phone`) VALUES ('24', 'Caesar', 'Swaniawski', 'streich.lindsay@example.org', '0');
INSERT INTO `users` (`id`, `firstname`, `lastname`, `email`, `phone`) VALUES ('25', 'Mikayla', 'Wiegand', 'zoila60@example.org', '1');
INSERT INTO `users` (`id`, `firstname`, `lastname`, `email`, `phone`) VALUES ('26', 'Torey', 'Labadie', 'herman.kamryn@example.net', '0');
INSERT INTO `users` (`id`, `firstname`, `lastname`, `email`, `phone`) VALUES ('27', 'Charles', 'Leuschke', 'daisy32@example.net', '1');
INSERT INTO `users` (`id`, `firstname`, `lastname`, `email`, `phone`) VALUES ('28', 'Norberto', 'Kihn', 'alex03@example.com', '1');
INSERT INTO `users` (`id`, `firstname`, `lastname`, `email`, `phone`) VALUES ('29', 'Perry', 'Mayert', 'shields.dale@example.com', '1');
INSERT INTO `users` (`id`, `firstname`, `lastname`, `email`, `phone`) VALUES ('30', 'Kailee', 'Spencer', 'rsteuber@example.org', '540170');
INSERT INTO `users` (`id`, `firstname`, `lastname`, `email`, `phone`) VALUES ('31', 'Raina', 'Blanda', 'marlon59@example.net', '1');
INSERT INTO `users` (`id`, `firstname`, `lastname`, `email`, `phone`) VALUES ('32', 'Franz', 'Thompson', 'dschmitt@example.org', '775450');
INSERT INTO `users` (`id`, `firstname`, `lastname`, `email`, `phone`) VALUES ('33', 'Lilian', 'Tremblay', 'gideon.senger@example.net', '210905');
INSERT INTO `users` (`id`, `firstname`, `lastname`, `email`, `phone`) VALUES ('34', 'Amparo', 'Collier', 'rparisian@example.net', '0');
INSERT INTO `users` (`id`, `firstname`, `lastname`, `email`, `phone`) VALUES ('35', 'Karli', 'Runolfsson', 'owiegand@example.net', '942');
INSERT INTO `users` (`id`, `firstname`, `lastname`, `email`, `phone`) VALUES ('36', 'Buford', 'Kirlin', 'stanton.guadalupe@example.org', '5349663736');
INSERT INTO `users` (`id`, `firstname`, `lastname`, `email`, `phone`) VALUES ('37', 'Walker', 'Metz', 'bradly24@example.org', '97');
INSERT INTO `users` (`id`, `firstname`, `lastname`, `email`, `phone`) VALUES ('38', 'Carmine', 'Stiedemann', 'arielle.mohr@example.com', '1');
INSERT INTO `users` (`id`, `firstname`, `lastname`, `email`, `phone`) VALUES ('39', 'Allene', 'Stiedemann', 'yost.carter@example.com', '909');
INSERT INTO `users` (`id`, `firstname`, `lastname`, `email`, `phone`) VALUES ('40', 'Axel', 'Kuhlman', 'kenton.pagac@example.com', '1');
INSERT INTO `users` (`id`, `firstname`, `lastname`, `email`, `phone`) VALUES ('41', 'Delia', 'McKenzie', 'stanton.imelda@example.com', '0');
INSERT INTO `users` (`id`, `firstname`, `lastname`, `email`, `phone`) VALUES ('42', 'Courtney', 'Bartell', 'bkessler@example.com', '975');
INSERT INTO `users` (`id`, `firstname`, `lastname`, `email`, `phone`) VALUES ('43', 'Creola', 'Schmitt', 'hudson.brianne@example.org', '6436840462');
INSERT INTO `users` (`id`, `firstname`, `lastname`, `email`, `phone`) VALUES ('44', 'Irma', 'Hand', 'savion27@example.org', '1');
INSERT INTO `users` (`id`, `firstname`, `lastname`, `email`, `phone`) VALUES ('45', 'Tyreek', 'Mitchell', 'mertz.skye@example.com', '59');
INSERT INTO `users` (`id`, `firstname`, `lastname`, `email`, `phone`) VALUES ('46', 'Delores', 'Corkery', 'bergnaum.flavio@example.net', '0');
INSERT INTO `users` (`id`, `firstname`, `lastname`, `email`, `phone`) VALUES ('47', 'Harley', 'Gusikowski', 'howe.mozelle@example.com', '0');
INSERT INTO `users` (`id`, `firstname`, `lastname`, `email`, `phone`) VALUES ('48', 'Ellis', 'Spencer', 'cabernathy@example.org', '39');
INSERT INTO `users` (`id`, `firstname`, `lastname`, `email`, `phone`) VALUES ('49', 'Reed', 'Waters', 'runolfsson.kathleen@example.com', '1');
INSERT INTO `users` (`id`, `firstname`, `lastname`, `email`, `phone`) VALUES ('50', 'Titus', 'Labadie', 'kuhn.renee@example.net', '60');
INSERT INTO `users` (`id`, `firstname`, `lastname`, `email`, `phone`) VALUES ('51', 'Delmer', 'King', 'choppe@example.com', '1');
INSERT INTO `users` (`id`, `firstname`, `lastname`, `email`, `phone`) VALUES ('52', 'Elvis', 'Brakus', 'wweimann@example.net', '883');
INSERT INTO `users` (`id`, `firstname`, `lastname`, `email`, `phone`) VALUES ('53', 'Jovany', 'Weissnat', 'brakus.callie@example.net', '0');
INSERT INTO `users` (`id`, `firstname`, `lastname`, `email`, `phone`) VALUES ('54', 'Katharina', 'Ondricka', 'spencer.faye@example.com', '56');
INSERT INTO `users` (`id`, `firstname`, `lastname`, `email`, `phone`) VALUES ('55', 'Nia', 'Lesch', 'connelly.agustina@example.net', '474348');
INSERT INTO `users` (`id`, `firstname`, `lastname`, `email`, `phone`) VALUES ('56', 'Maryam', 'Ruecker', 'hazel39@example.org', '469822');
INSERT INTO `users` (`id`, `firstname`, `lastname`, `email`, `phone`) VALUES ('57', 'Christina', 'Zboncak', 'macejkovic.ernestine@example.net', '527');
INSERT INTO `users` (`id`, `firstname`, `lastname`, `email`, `phone`) VALUES ('58', 'Foster', 'Bahringer', 'rempel.jeramy@example.net', '0');
INSERT INTO `users` (`id`, `firstname`, `lastname`, `email`, `phone`) VALUES ('59', 'Johnathan', 'Macejkovic', 'dach.queenie@example.net', '211');
INSERT INTO `users` (`id`, `firstname`, `lastname`, `email`, `phone`) VALUES ('60', 'Manuel', 'Gerlach', 'bergnaum.savion@example.com', '0');
INSERT INTO `users` (`id`, `firstname`, `lastname`, `email`, `phone`) VALUES ('61', 'Ubaldo', 'Fadel', 'dane11@example.org', '0');
INSERT INTO `users` (`id`, `firstname`, `lastname`, `email`, `phone`) VALUES ('62', 'Sandrine', 'Schroeder', 'hfriesen@example.org', '0');
INSERT INTO `users` (`id`, `firstname`, `lastname`, `email`, `phone`) VALUES ('63', 'Kayli', 'Koelpin', 'shields.kendall@example.net', '0');
INSERT INTO `users` (`id`, `firstname`, `lastname`, `email`, `phone`) VALUES ('64', 'Roma', 'Rau', 'oren29@example.com', '0');
INSERT INTO `users` (`id`, `firstname`, `lastname`, `email`, `phone`) VALUES ('65', 'Mervin', 'Wyman', 'cathryn.daniel@example.com', '525');
INSERT INTO `users` (`id`, `firstname`, `lastname`, `email`, `phone`) VALUES ('66', 'Darrion', 'Ebert', 'hulda25@example.net', '17');
INSERT INTO `users` (`id`, `firstname`, `lastname`, `email`, `phone`) VALUES ('67', 'Elwyn', 'Schamberger', 'mann.waylon@example.net', '1');
INSERT INTO `users` (`id`, `firstname`, `lastname`, `email`, `phone`) VALUES ('68', 'Zora', 'Kshlerin', 'greta60@example.com', '852');
INSERT INTO `users` (`id`, `firstname`, `lastname`, `email`, `phone`) VALUES ('69', 'Fredrick', 'Ondricka', 'toy46@example.net', '1');
INSERT INTO `users` (`id`, `firstname`, `lastname`, `email`, `phone`) VALUES ('70', 'Corbin', 'Balistreri', 'gonzalo.west@example.com', '0');
INSERT INTO `users` (`id`, `firstname`, `lastname`, `email`, `phone`) VALUES ('71', 'Cedrick', 'Gleichner', 'emmett.towne@example.org', '0');
INSERT INTO `users` (`id`, `firstname`, `lastname`, `email`, `phone`) VALUES ('72', 'Susanna', 'Christiansen', 'rene70@example.com', '1');
INSERT INTO `users` (`id`, `firstname`, `lastname`, `email`, `phone`) VALUES ('73', 'Estell', 'Swift', 'aniyah79@example.org', '1');
INSERT INTO `users` (`id`, `firstname`, `lastname`, `email`, `phone`) VALUES ('74', 'Otis', 'Ziemann', 'eldred.marvin@example.org', '0');
INSERT INTO `users` (`id`, `firstname`, `lastname`, `email`, `phone`) VALUES ('75', 'Zechariah', 'Bernhard', 'tobin.west@example.net', '1');
INSERT INTO `users` (`id`, `firstname`, `lastname`, `email`, `phone`) VALUES ('76', 'Fredrick', 'Armstrong', 'heidi.kshlerin@example.net', '495435');
INSERT INTO `users` (`id`, `firstname`, `lastname`, `email`, `phone`) VALUES ('77', 'Trevion', 'Schmitt', 'simonis.johanna@example.net', '0');
INSERT INTO `users` (`id`, `firstname`, `lastname`, `email`, `phone`) VALUES ('78', 'Briana', 'Towne', 'giovanni07@example.com', '1');
INSERT INTO `users` (`id`, `firstname`, `lastname`, `email`, `phone`) VALUES ('79', 'Scot', 'McCullough', 'sgrimes@example.com', '22');
INSERT INTO `users` (`id`, `firstname`, `lastname`, `email`, `phone`) VALUES ('80', 'Jarred', 'Kris', 'ogusikowski@example.com', '907651');
INSERT INTO `users` (`id`, `firstname`, `lastname`, `email`, `phone`) VALUES ('81', 'Chase', 'VonRueden', 'lavina33@example.net', '1');
INSERT INTO `users` (`id`, `firstname`, `lastname`, `email`, `phone`) VALUES ('82', 'Lucienne', 'Armstrong', 'waters.peter@example.com', '0');
INSERT INTO `users` (`id`, `firstname`, `lastname`, `email`, `phone`) VALUES ('83', 'Hertha', 'Koepp', 'dustin.krajcik@example.com', '413');
INSERT INTO `users` (`id`, `firstname`, `lastname`, `email`, `phone`) VALUES ('84', 'Myles', 'Hagenes', 'jamar17@example.org', '279108');
INSERT INTO `users` (`id`, `firstname`, `lastname`, `email`, `phone`) VALUES ('85', 'Sydni', 'Lang', 'kody.ebert@example.org', '48');
INSERT INTO `users` (`id`, `firstname`, `lastname`, `email`, `phone`) VALUES ('86', 'Krista', 'Walsh', 'pboyle@example.net', '1');
INSERT INTO `users` (`id`, `firstname`, `lastname`, `email`, `phone`) VALUES ('87', 'Myrtis', 'Leffler', 'fred06@example.com', '77');
INSERT INTO `users` (`id`, `firstname`, `lastname`, `email`, `phone`) VALUES ('88', 'Travon', 'Legros', 'roberta96@example.org', '1');
INSERT INTO `users` (`id`, `firstname`, `lastname`, `email`, `phone`) VALUES ('89', 'Keyshawn', 'Mraz', 'ebert.tanya@example.org', '2459952322');
INSERT INTO `users` (`id`, `firstname`, `lastname`, `email`, `phone`) VALUES ('90', 'Shanna', 'Bogisich', 'gerard50@example.net', '343830');
INSERT INTO `users` (`id`, `firstname`, `lastname`, `email`, `phone`) VALUES ('91', 'Linda', 'Roberts', 'alyce24@example.com', '1');
INSERT INTO `users` (`id`, `firstname`, `lastname`, `email`, `phone`) VALUES ('92', 'Lambert', 'Feil', 'whermann@example.com', '1');
INSERT INTO `users` (`id`, `firstname`, `lastname`, `email`, `phone`) VALUES ('93', 'Xzavier', 'Pacocha', 'balistreri.evert@example.com', '527');
INSERT INTO `users` (`id`, `firstname`, `lastname`, `email`, `phone`) VALUES ('94', 'Shaniya', 'McDermott', 'qsipes@example.org', '658097');
INSERT INTO `users` (`id`, `firstname`, `lastname`, `email`, `phone`) VALUES ('95', 'Aisha', 'Green', 'troob@example.net', '58326');
INSERT INTO `users` (`id`, `firstname`, `lastname`, `email`, `phone`) VALUES ('96', 'Sydnie', 'Flatley', 'israel.schaefer@example.org', '0');
INSERT INTO `users` (`id`, `firstname`, `lastname`, `email`, `phone`) VALUES ('97', 'Gaston', 'Keeling', 'cronin.montana@example.net', '108954');
INSERT INTO `users` (`id`, `firstname`, `lastname`, `email`, `phone`) VALUES ('98', 'Natalie', 'Jenkins', 'bosco.bartholome@example.com', '45');
INSERT INTO `users` (`id`, `firstname`, `lastname`, `email`, `phone`) VALUES ('99', 'Eddie', 'Witting', 'kellen13@example.com', '8915917842');
INSERT INTO `users` (`id`, `firstname`, `lastname`, `email`, `phone`) VALUES ('100', 'Cecilia', 'Runolfsdottir', 'fmurray@example.net', '219');


INSERT INTO `black_list` (`blocker_user_id`, `blocked_user_id`, `status`, `requested_at`, `confirmed_at`) VALUES ('1', '1', 'blocked', '1984-08-11 08:37:24', '1997-12-16 15:54:52');
INSERT INTO `black_list` (`blocker_user_id`, `blocked_user_id`, `status`, `requested_at`, `confirmed_at`) VALUES ('2', '2', 'unblocked', '1996-11-30 04:06:59', '2001-04-28 10:49:32');
INSERT INTO `black_list` (`blocker_user_id`, `blocked_user_id`, `status`, `requested_at`, `confirmed_at`) VALUES ('3', '3', 'unblocked', '1972-12-16 03:06:28', '1998-08-03 00:31:37');
INSERT INTO `black_list` (`blocker_user_id`, `blocked_user_id`, `status`, `requested_at`, `confirmed_at`) VALUES ('4', '4', 'unblocked', '2002-03-01 06:53:39', '2010-10-11 18:36:48');
INSERT INTO `black_list` (`blocker_user_id`, `blocked_user_id`, `status`, `requested_at`, `confirmed_at`) VALUES ('5', '5', 'blocked', '1979-03-12 17:50:38', '2004-08-04 14:58:08');
INSERT INTO `black_list` (`blocker_user_id`, `blocked_user_id`, `status`, `requested_at`, `confirmed_at`) VALUES ('6', '6', 'blocked', '1984-01-18 22:29:13', '2016-04-17 03:30:38');
INSERT INTO `black_list` (`blocker_user_id`, `blocked_user_id`, `status`, `requested_at`, `confirmed_at`) VALUES ('7', '7', 'unblocked', '1987-08-05 13:44:39', '1984-05-07 14:38:38');
INSERT INTO `black_list` (`blocker_user_id`, `blocked_user_id`, `status`, `requested_at`, `confirmed_at`) VALUES ('8', '8', 'unblocked', '1982-02-10 00:47:51', '1999-12-21 17:39:48');
INSERT INTO `black_list` (`blocker_user_id`, `blocked_user_id`, `status`, `requested_at`, `confirmed_at`) VALUES ('9', '9', 'unblocked', '1995-11-26 13:24:21', '2000-05-23 06:31:15');
INSERT INTO `black_list` (`blocker_user_id`, `blocked_user_id`, `status`, `requested_at`, `confirmed_at`) VALUES ('10', '10', 'blocked', '2016-07-26 21:30:35', '1986-02-21 06:22:36');
INSERT INTO `black_list` (`blocker_user_id`, `blocked_user_id`, `status`, `requested_at`, `confirmed_at`) VALUES ('11', '11', 'unblocked', '2003-01-21 05:41:31', '1991-12-21 20:35:13');
INSERT INTO `black_list` (`blocker_user_id`, `blocked_user_id`, `status`, `requested_at`, `confirmed_at`) VALUES ('12', '12', 'blocked', '1996-03-10 09:20:26', '1995-03-23 12:21:39');
INSERT INTO `black_list` (`blocker_user_id`, `blocked_user_id`, `status`, `requested_at`, `confirmed_at`) VALUES ('13', '13', 'unblocked', '1989-10-01 03:33:01', '1989-12-12 17:08:31');
INSERT INTO `black_list` (`blocker_user_id`, `blocked_user_id`, `status`, `requested_at`, `confirmed_at`) VALUES ('14', '14', 'blocked', '1986-07-22 17:49:12', '2016-06-01 15:40:16');
INSERT INTO `black_list` (`blocker_user_id`, `blocked_user_id`, `status`, `requested_at`, `confirmed_at`) VALUES ('15', '15', 'blocked', '2018-02-16 14:23:49', '1972-07-18 01:28:50');
INSERT INTO `black_list` (`blocker_user_id`, `blocked_user_id`, `status`, `requested_at`, `confirmed_at`) VALUES ('16', '16', 'blocked', '1982-06-10 23:40:06', '2019-10-11 12:03:55');
INSERT INTO `black_list` (`blocker_user_id`, `blocked_user_id`, `status`, `requested_at`, `confirmed_at`) VALUES ('17', '17', 'blocked', '2013-05-29 01:45:48', '2011-09-04 21:58:48');
INSERT INTO `black_list` (`blocker_user_id`, `blocked_user_id`, `status`, `requested_at`, `confirmed_at`) VALUES ('18', '18', 'blocked', '1997-10-25 05:11:12', '2007-11-24 09:40:24');
INSERT INTO `black_list` (`blocker_user_id`, `blocked_user_id`, `status`, `requested_at`, `confirmed_at`) VALUES ('19', '19', 'unblocked', '2004-03-01 08:29:07', '2007-03-12 13:03:11');
INSERT INTO `black_list` (`blocker_user_id`, `blocked_user_id`, `status`, `requested_at`, `confirmed_at`) VALUES ('20', '20', 'blocked', '2020-03-04 11:22:13', '1976-01-09 18:14:11');
INSERT INTO `black_list` (`blocker_user_id`, `blocked_user_id`, `status`, `requested_at`, `confirmed_at`) VALUES ('21', '21', 'unblocked', '2003-08-07 23:51:41', '1997-04-04 13:54:03');
INSERT INTO `black_list` (`blocker_user_id`, `blocked_user_id`, `status`, `requested_at`, `confirmed_at`) VALUES ('22', '22', 'unblocked', '2010-07-05 16:58:45', '2001-06-03 15:41:42');
INSERT INTO `black_list` (`blocker_user_id`, `blocked_user_id`, `status`, `requested_at`, `confirmed_at`) VALUES ('23', '23', 'unblocked', '1988-05-13 10:51:06', '1992-09-09 18:56:37');
INSERT INTO `black_list` (`blocker_user_id`, `blocked_user_id`, `status`, `requested_at`, `confirmed_at`) VALUES ('24', '24', 'unblocked', '1986-06-04 20:41:18', '1984-09-20 00:31:19');
INSERT INTO `black_list` (`blocker_user_id`, `blocked_user_id`, `status`, `requested_at`, `confirmed_at`) VALUES ('25', '25', 'unblocked', '2004-08-18 03:13:09', '1978-02-24 00:17:08');
INSERT INTO `black_list` (`blocker_user_id`, `blocked_user_id`, `status`, `requested_at`, `confirmed_at`) VALUES ('26', '26', 'unblocked', '1987-06-30 01:27:20', '1980-01-23 14:57:15');
INSERT INTO `black_list` (`blocker_user_id`, `blocked_user_id`, `status`, `requested_at`, `confirmed_at`) VALUES ('27', '27', 'blocked', '1970-08-11 14:24:40', '2003-11-05 03:04:45');
INSERT INTO `black_list` (`blocker_user_id`, `blocked_user_id`, `status`, `requested_at`, `confirmed_at`) VALUES ('28', '28', 'blocked', '1988-09-29 04:29:43', '1994-01-02 13:40:30');
INSERT INTO `black_list` (`blocker_user_id`, `blocked_user_id`, `status`, `requested_at`, `confirmed_at`) VALUES ('29', '29', 'unblocked', '1971-09-28 04:31:02', '1985-12-11 07:46:50');
INSERT INTO `black_list` (`blocker_user_id`, `blocked_user_id`, `status`, `requested_at`, `confirmed_at`) VALUES ('30', '30', 'unblocked', '2010-03-21 22:08:32', '2011-08-16 08:12:31');
INSERT INTO `black_list` (`blocker_user_id`, `blocked_user_id`, `status`, `requested_at`, `confirmed_at`) VALUES ('31', '31', 'unblocked', '1996-07-24 03:09:57', '1971-12-28 14:41:26');
INSERT INTO `black_list` (`blocker_user_id`, `blocked_user_id`, `status`, `requested_at`, `confirmed_at`) VALUES ('32', '32', 'unblocked', '1983-11-24 13:49:44', '2014-07-14 06:55:00');
INSERT INTO `black_list` (`blocker_user_id`, `blocked_user_id`, `status`, `requested_at`, `confirmed_at`) VALUES ('33', '33', 'unblocked', '1999-06-20 09:56:04', '1976-08-18 20:09:38');
INSERT INTO `black_list` (`blocker_user_id`, `blocked_user_id`, `status`, `requested_at`, `confirmed_at`) VALUES ('34', '34', 'unblocked', '1976-08-15 15:25:34', '1975-11-08 11:03:38');
INSERT INTO `black_list` (`blocker_user_id`, `blocked_user_id`, `status`, `requested_at`, `confirmed_at`) VALUES ('35', '35', 'blocked', '2011-08-03 13:43:06', '2011-10-24 06:29:33');
INSERT INTO `black_list` (`blocker_user_id`, `blocked_user_id`, `status`, `requested_at`, `confirmed_at`) VALUES ('36', '36', 'unblocked', '1986-03-26 22:36:58', '1997-08-10 05:39:33');
INSERT INTO `black_list` (`blocker_user_id`, `blocked_user_id`, `status`, `requested_at`, `confirmed_at`) VALUES ('37', '37', 'blocked', '2019-05-21 08:00:29', '1972-11-15 13:29:34');
INSERT INTO `black_list` (`blocker_user_id`, `blocked_user_id`, `status`, `requested_at`, `confirmed_at`) VALUES ('38', '38', 'blocked', '2010-09-30 16:43:32', '1984-04-03 18:29:17');
INSERT INTO `black_list` (`blocker_user_id`, `blocked_user_id`, `status`, `requested_at`, `confirmed_at`) VALUES ('39', '39', 'blocked', '1976-11-21 19:18:16', '2013-08-28 21:22:14');
INSERT INTO `black_list` (`blocker_user_id`, `blocked_user_id`, `status`, `requested_at`, `confirmed_at`) VALUES ('40', '40', 'unblocked', '2009-04-10 23:51:20', '2019-04-12 02:51:57');
INSERT INTO `black_list` (`blocker_user_id`, `blocked_user_id`, `status`, `requested_at`, `confirmed_at`) VALUES ('41', '41', 'blocked', '1982-12-12 19:01:38', '1979-05-29 14:24:22');
INSERT INTO `black_list` (`blocker_user_id`, `blocked_user_id`, `status`, `requested_at`, `confirmed_at`) VALUES ('42', '42', 'blocked', '2009-04-17 15:22:18', '2012-05-24 15:24:36');
INSERT INTO `black_list` (`blocker_user_id`, `blocked_user_id`, `status`, `requested_at`, `confirmed_at`) VALUES ('43', '43', 'unblocked', '1978-04-01 19:38:24', '2013-08-13 21:26:15');
INSERT INTO `black_list` (`blocker_user_id`, `blocked_user_id`, `status`, `requested_at`, `confirmed_at`) VALUES ('44', '44', 'blocked', '2006-05-04 08:51:59', '2013-03-19 06:07:55');
INSERT INTO `black_list` (`blocker_user_id`, `blocked_user_id`, `status`, `requested_at`, `confirmed_at`) VALUES ('45', '45', 'blocked', '2001-12-13 20:11:53', '1972-10-20 14:50:34');
INSERT INTO `black_list` (`blocker_user_id`, `blocked_user_id`, `status`, `requested_at`, `confirmed_at`) VALUES ('46', '46', 'unblocked', '1984-08-08 04:10:27', '1983-03-11 09:18:22');
INSERT INTO `black_list` (`blocker_user_id`, `blocked_user_id`, `status`, `requested_at`, `confirmed_at`) VALUES ('47', '47', 'unblocked', '2017-02-01 06:26:35', '1978-09-06 10:21:09');
INSERT INTO `black_list` (`blocker_user_id`, `blocked_user_id`, `status`, `requested_at`, `confirmed_at`) VALUES ('48', '48', 'unblocked', '1992-12-20 01:23:29', '1992-12-04 08:28:18');
INSERT INTO `black_list` (`blocker_user_id`, `blocked_user_id`, `status`, `requested_at`, `confirmed_at`) VALUES ('49', '49', 'unblocked', '2012-12-08 10:00:13', '1970-02-07 11:33:42');
INSERT INTO `black_list` (`blocker_user_id`, `blocked_user_id`, `status`, `requested_at`, `confirmed_at`) VALUES ('50', '50', 'blocked', '1989-12-04 21:13:10', '1990-08-12 01:11:14');
INSERT INTO `black_list` (`blocker_user_id`, `blocked_user_id`, `status`, `requested_at`, `confirmed_at`) VALUES ('51', '51', 'unblocked', '2011-11-21 02:00:26', '1992-09-14 17:16:51');
INSERT INTO `black_list` (`blocker_user_id`, `blocked_user_id`, `status`, `requested_at`, `confirmed_at`) VALUES ('52', '52', 'blocked', '2015-01-19 07:46:50', '1984-04-18 17:38:47');
INSERT INTO `black_list` (`blocker_user_id`, `blocked_user_id`, `status`, `requested_at`, `confirmed_at`) VALUES ('53', '53', 'blocked', '1997-03-13 20:31:21', '1998-07-19 09:15:06');
INSERT INTO `black_list` (`blocker_user_id`, `blocked_user_id`, `status`, `requested_at`, `confirmed_at`) VALUES ('54', '54', 'blocked', '2008-05-26 01:42:42', '1989-09-07 17:32:34');
INSERT INTO `black_list` (`blocker_user_id`, `blocked_user_id`, `status`, `requested_at`, `confirmed_at`) VALUES ('55', '55', 'unblocked', '1973-04-09 14:04:36', '1977-07-01 20:53:20');
INSERT INTO `black_list` (`blocker_user_id`, `blocked_user_id`, `status`, `requested_at`, `confirmed_at`) VALUES ('56', '56', 'unblocked', '1974-06-25 08:29:47', '2014-10-05 19:30:19');
INSERT INTO `black_list` (`blocker_user_id`, `blocked_user_id`, `status`, `requested_at`, `confirmed_at`) VALUES ('57', '57', 'unblocked', '2012-03-31 16:05:12', '1982-06-06 20:01:08');
INSERT INTO `black_list` (`blocker_user_id`, `blocked_user_id`, `status`, `requested_at`, `confirmed_at`) VALUES ('58', '58', 'blocked', '2009-08-26 03:02:49', '1987-07-02 18:49:11');
INSERT INTO `black_list` (`blocker_user_id`, `blocked_user_id`, `status`, `requested_at`, `confirmed_at`) VALUES ('59', '59', 'blocked', '2018-10-11 05:52:22', '2006-10-13 19:48:41');
INSERT INTO `black_list` (`blocker_user_id`, `blocked_user_id`, `status`, `requested_at`, `confirmed_at`) VALUES ('60', '60', 'unblocked', '2013-12-11 06:36:26', '2010-10-27 18:10:06');
INSERT INTO `black_list` (`blocker_user_id`, `blocked_user_id`, `status`, `requested_at`, `confirmed_at`) VALUES ('61', '61', 'unblocked', '2008-11-02 14:42:55', '2011-11-09 05:09:05');
INSERT INTO `black_list` (`blocker_user_id`, `blocked_user_id`, `status`, `requested_at`, `confirmed_at`) VALUES ('62', '62', 'unblocked', '1972-09-06 08:26:18', '1995-10-13 11:01:15');
INSERT INTO `black_list` (`blocker_user_id`, `blocked_user_id`, `status`, `requested_at`, `confirmed_at`) VALUES ('63', '63', 'blocked', '2003-04-14 12:06:21', '1979-07-17 03:27:43');
INSERT INTO `black_list` (`blocker_user_id`, `blocked_user_id`, `status`, `requested_at`, `confirmed_at`) VALUES ('64', '64', 'unblocked', '1996-09-17 22:44:45', '1980-03-17 06:04:41');
INSERT INTO `black_list` (`blocker_user_id`, `blocked_user_id`, `status`, `requested_at`, `confirmed_at`) VALUES ('65', '65', 'unblocked', '2019-03-22 07:35:26', '1985-05-01 05:24:07');
INSERT INTO `black_list` (`blocker_user_id`, `blocked_user_id`, `status`, `requested_at`, `confirmed_at`) VALUES ('66', '66', 'blocked', '1979-12-22 07:18:55', '1980-05-31 17:32:29');
INSERT INTO `black_list` (`blocker_user_id`, `blocked_user_id`, `status`, `requested_at`, `confirmed_at`) VALUES ('67', '67', 'unblocked', '2000-01-06 06:20:24', '1999-08-06 09:27:52');
INSERT INTO `black_list` (`blocker_user_id`, `blocked_user_id`, `status`, `requested_at`, `confirmed_at`) VALUES ('68', '68', 'unblocked', '1999-01-06 05:27:14', '2010-03-22 10:18:43');
INSERT INTO `black_list` (`blocker_user_id`, `blocked_user_id`, `status`, `requested_at`, `confirmed_at`) VALUES ('69', '69', 'blocked', '2004-05-07 13:04:38', '1984-06-07 09:20:17');
INSERT INTO `black_list` (`blocker_user_id`, `blocked_user_id`, `status`, `requested_at`, `confirmed_at`) VALUES ('70', '70', 'blocked', '1987-02-09 02:47:40', '1970-05-27 19:05:02');
INSERT INTO `black_list` (`blocker_user_id`, `blocked_user_id`, `status`, `requested_at`, `confirmed_at`) VALUES ('71', '71', 'unblocked', '2008-03-26 22:44:00', '1999-04-17 01:11:36');
INSERT INTO `black_list` (`blocker_user_id`, `blocked_user_id`, `status`, `requested_at`, `confirmed_at`) VALUES ('72', '72', 'blocked', '2000-05-16 04:22:02', '1985-12-09 13:16:25');
INSERT INTO `black_list` (`blocker_user_id`, `blocked_user_id`, `status`, `requested_at`, `confirmed_at`) VALUES ('73', '73', 'unblocked', '1973-10-28 08:21:16', '1980-05-01 23:19:54');
INSERT INTO `black_list` (`blocker_user_id`, `blocked_user_id`, `status`, `requested_at`, `confirmed_at`) VALUES ('74', '74', 'blocked', '2015-08-03 21:25:47', '2020-01-05 20:27:35');
INSERT INTO `black_list` (`blocker_user_id`, `blocked_user_id`, `status`, `requested_at`, `confirmed_at`) VALUES ('75', '75', 'blocked', '1978-10-25 22:41:30', '1973-03-13 19:40:40');
INSERT INTO `black_list` (`blocker_user_id`, `blocked_user_id`, `status`, `requested_at`, `confirmed_at`) VALUES ('76', '76', 'blocked', '1999-08-25 19:22:46', '1993-12-26 19:18:07');
INSERT INTO `black_list` (`blocker_user_id`, `blocked_user_id`, `status`, `requested_at`, `confirmed_at`) VALUES ('77', '77', 'blocked', '1996-11-03 21:15:37', '2001-01-24 07:29:11');
INSERT INTO `black_list` (`blocker_user_id`, `blocked_user_id`, `status`, `requested_at`, `confirmed_at`) VALUES ('78', '78', 'blocked', '2002-05-27 05:16:14', '2015-09-25 18:45:18');
INSERT INTO `black_list` (`blocker_user_id`, `blocked_user_id`, `status`, `requested_at`, `confirmed_at`) VALUES ('79', '79', 'blocked', '1971-08-03 16:16:28', '1973-02-26 05:28:31');
INSERT INTO `black_list` (`blocker_user_id`, `blocked_user_id`, `status`, `requested_at`, `confirmed_at`) VALUES ('80', '80', 'unblocked', '2002-06-30 18:26:26', '1995-03-06 20:12:25');
INSERT INTO `black_list` (`blocker_user_id`, `blocked_user_id`, `status`, `requested_at`, `confirmed_at`) VALUES ('81', '81', 'unblocked', '2009-10-23 18:01:41', '1995-12-03 17:11:21');
INSERT INTO `black_list` (`blocker_user_id`, `blocked_user_id`, `status`, `requested_at`, `confirmed_at`) VALUES ('82', '82', 'blocked', '2011-03-13 22:57:21', '2017-11-20 01:38:58');
INSERT INTO `black_list` (`blocker_user_id`, `blocked_user_id`, `status`, `requested_at`, `confirmed_at`) VALUES ('83', '83', 'blocked', '2010-12-16 19:20:50', '1987-11-26 06:46:29');
INSERT INTO `black_list` (`blocker_user_id`, `blocked_user_id`, `status`, `requested_at`, `confirmed_at`) VALUES ('84', '84', 'unblocked', '2013-03-05 01:44:50', '1989-01-25 03:17:14');
INSERT INTO `black_list` (`blocker_user_id`, `blocked_user_id`, `status`, `requested_at`, `confirmed_at`) VALUES ('85', '85', 'blocked', '1993-10-06 14:53:13', '2000-08-31 08:12:28');
INSERT INTO `black_list` (`blocker_user_id`, `blocked_user_id`, `status`, `requested_at`, `confirmed_at`) VALUES ('86', '86', 'unblocked', '2003-12-18 19:50:24', '1999-04-29 11:32:00');
INSERT INTO `black_list` (`blocker_user_id`, `blocked_user_id`, `status`, `requested_at`, `confirmed_at`) VALUES ('87', '87', 'unblocked', '1994-10-25 17:27:14', '1974-06-12 01:21:58');
INSERT INTO `black_list` (`blocker_user_id`, `blocked_user_id`, `status`, `requested_at`, `confirmed_at`) VALUES ('88', '88', 'blocked', '1976-02-28 04:34:46', '2004-09-30 12:45:02');
INSERT INTO `black_list` (`blocker_user_id`, `blocked_user_id`, `status`, `requested_at`, `confirmed_at`) VALUES ('89', '89', 'blocked', '2015-06-08 20:41:55', '2010-03-19 17:04:44');
INSERT INTO `black_list` (`blocker_user_id`, `blocked_user_id`, `status`, `requested_at`, `confirmed_at`) VALUES ('90', '90', 'unblocked', '2019-08-17 17:25:13', '1975-04-15 13:20:16');
INSERT INTO `black_list` (`blocker_user_id`, `blocked_user_id`, `status`, `requested_at`, `confirmed_at`) VALUES ('91', '91', 'unblocked', '2015-09-28 00:36:15', '1976-01-18 02:46:14');
INSERT INTO `black_list` (`blocker_user_id`, `blocked_user_id`, `status`, `requested_at`, `confirmed_at`) VALUES ('92', '92', 'unblocked', '2012-08-30 01:40:11', '2013-02-25 12:42:36');
INSERT INTO `black_list` (`blocker_user_id`, `blocked_user_id`, `status`, `requested_at`, `confirmed_at`) VALUES ('93', '93', 'unblocked', '1984-05-02 02:38:32', '2018-12-25 20:07:24');
INSERT INTO `black_list` (`blocker_user_id`, `blocked_user_id`, `status`, `requested_at`, `confirmed_at`) VALUES ('94', '94', 'blocked', '1979-09-07 02:25:54', '2009-12-26 13:48:34');
INSERT INTO `black_list` (`blocker_user_id`, `blocked_user_id`, `status`, `requested_at`, `confirmed_at`) VALUES ('95', '95', 'blocked', '1979-04-07 09:24:11', '1977-11-16 21:59:21');
INSERT INTO `black_list` (`blocker_user_id`, `blocked_user_id`, `status`, `requested_at`, `confirmed_at`) VALUES ('96', '96', 'blocked', '1995-08-28 15:06:36', '1998-12-19 02:55:28');
INSERT INTO `black_list` (`blocker_user_id`, `blocked_user_id`, `status`, `requested_at`, `confirmed_at`) VALUES ('97', '97', 'unblocked', '1992-03-08 18:38:00', '1998-12-01 14:12:49');
INSERT INTO `black_list` (`blocker_user_id`, `blocked_user_id`, `status`, `requested_at`, `confirmed_at`) VALUES ('98', '98', 'unblocked', '1975-01-31 22:07:59', '2004-05-11 03:30:30');
INSERT INTO `black_list` (`blocker_user_id`, `blocked_user_id`, `status`, `requested_at`, `confirmed_at`) VALUES ('99', '99', 'unblocked', '1999-05-09 05:01:02', '1997-02-05 06:00:58');
INSERT INTO `black_list` (`blocker_user_id`, `blocked_user_id`, `status`, `requested_at`, `confirmed_at`) VALUES ('100', '100', 'unblocked', '2006-01-25 06:35:41', '2012-02-12 14:34:54');



INSERT INTO `communities` (`id`, `name`) VALUES ('59', 'a');
INSERT INTO `communities` (`id`, `name`) VALUES ('82', 'a');
INSERT INTO `communities` (`id`, `name`) VALUES ('89', 'ab');
INSERT INTO `communities` (`id`, `name`) VALUES ('11', 'ad');
INSERT INTO `communities` (`id`, `name`) VALUES ('48', 'adipisci');
INSERT INTO `communities` (`id`, `name`) VALUES ('32', 'animi');
INSERT INTO `communities` (`id`, `name`) VALUES ('9', 'aperiam');
INSERT INTO `communities` (`id`, `name`) VALUES ('97', 'aperiam');
INSERT INTO `communities` (`id`, `name`) VALUES ('58', 'asperiores');
INSERT INTO `communities` (`id`, `name`) VALUES ('27', 'at');
INSERT INTO `communities` (`id`, `name`) VALUES ('4', 'aut');
INSERT INTO `communities` (`id`, `name`) VALUES ('21', 'aut');
INSERT INTO `communities` (`id`, `name`) VALUES ('84', 'aut');
INSERT INTO `communities` (`id`, `name`) VALUES ('85', 'aut');
INSERT INTO `communities` (`id`, `name`) VALUES ('86', 'aut');
INSERT INTO `communities` (`id`, `name`) VALUES ('91', 'aut');
INSERT INTO `communities` (`id`, `name`) VALUES ('16', 'beatae');
INSERT INTO `communities` (`id`, `name`) VALUES ('56', 'corporis');
INSERT INTO `communities` (`id`, `name`) VALUES ('8', 'corrupti');
INSERT INTO `communities` (`id`, `name`) VALUES ('34', 'corrupti');
INSERT INTO `communities` (`id`, `name`) VALUES ('29', 'culpa');
INSERT INTO `communities` (`id`, `name`) VALUES ('36', 'cum');
INSERT INTO `communities` (`id`, `name`) VALUES ('64', 'cum');
INSERT INTO `communities` (`id`, `name`) VALUES ('83', 'debitis');
INSERT INTO `communities` (`id`, `name`) VALUES ('22', 'dignissimos');
INSERT INTO `communities` (`id`, `name`) VALUES ('1', 'distinctio');
INSERT INTO `communities` (`id`, `name`) VALUES ('30', 'distinctio');
INSERT INTO `communities` (`id`, `name`) VALUES ('54', 'distinctio');
INSERT INTO `communities` (`id`, `name`) VALUES ('80', 'dolore');
INSERT INTO `communities` (`id`, `name`) VALUES ('38', 'dolorem');
INSERT INTO `communities` (`id`, `name`) VALUES ('62', 'dolorem');
INSERT INTO `communities` (`id`, `name`) VALUES ('15', 'dolores');
INSERT INTO `communities` (`id`, `name`) VALUES ('17', 'dolores');
INSERT INTO `communities` (`id`, `name`) VALUES ('57', 'earum');
INSERT INTO `communities` (`id`, `name`) VALUES ('65', 'eius');
INSERT INTO `communities` (`id`, `name`) VALUES ('35', 'eos');
INSERT INTO `communities` (`id`, `name`) VALUES ('12', 'error');
INSERT INTO `communities` (`id`, `name`) VALUES ('14', 'esse');
INSERT INTO `communities` (`id`, `name`) VALUES ('18', 'est');
INSERT INTO `communities` (`id`, `name`) VALUES ('5', 'et');
INSERT INTO `communities` (`id`, `name`) VALUES ('72', 'et');
INSERT INTO `communities` (`id`, `name`) VALUES ('90', 'et');
INSERT INTO `communities` (`id`, `name`) VALUES ('94', 'et');
INSERT INTO `communities` (`id`, `name`) VALUES ('3', 'exercitationem');
INSERT INTO `communities` (`id`, `name`) VALUES ('20', 'facere');
INSERT INTO `communities` (`id`, `name`) VALUES ('2', 'fugiat');
INSERT INTO `communities` (`id`, `name`) VALUES ('66', 'fugit');
INSERT INTO `communities` (`id`, `name`) VALUES ('53', 'harum');
INSERT INTO `communities` (`id`, `name`) VALUES ('24', 'in');
INSERT INTO `communities` (`id`, `name`) VALUES ('98', 'in');
INSERT INTO `communities` (`id`, `name`) VALUES ('77', 'ipsa');
INSERT INTO `communities` (`id`, `name`) VALUES ('99', 'itaque');
INSERT INTO `communities` (`id`, `name`) VALUES ('70', 'iure');
INSERT INTO `communities` (`id`, `name`) VALUES ('40', 'labore');
INSERT INTO `communities` (`id`, `name`) VALUES ('95', 'labore');
INSERT INTO `communities` (`id`, `name`) VALUES ('71', 'laboriosam');
INSERT INTO `communities` (`id`, `name`) VALUES ('10', 'magnam');
INSERT INTO `communities` (`id`, `name`) VALUES ('60', 'maiores');
INSERT INTO `communities` (`id`, `name`) VALUES ('13', 'mollitia');
INSERT INTO `communities` (`id`, `name`) VALUES ('96', 'nisi');
INSERT INTO `communities` (`id`, `name`) VALUES ('26', 'nobis');
INSERT INTO `communities` (`id`, `name`) VALUES ('41', 'numquam');
INSERT INTO `communities` (`id`, `name`) VALUES ('63', 'numquam');
INSERT INTO `communities` (`id`, `name`) VALUES ('87', 'numquam');
INSERT INTO `communities` (`id`, `name`) VALUES ('47', 'odio');
INSERT INTO `communities` (`id`, `name`) VALUES ('44', 'officiis');
INSERT INTO `communities` (`id`, `name`) VALUES ('75', 'pariatur');
INSERT INTO `communities` (`id`, `name`) VALUES ('50', 'perferendis');
INSERT INTO `communities` (`id`, `name`) VALUES ('52', 'porro');
INSERT INTO `communities` (`id`, `name`) VALUES ('43', 'possimus');
INSERT INTO `communities` (`id`, `name`) VALUES ('45', 'possimus');
INSERT INTO `communities` (`id`, `name`) VALUES ('67', 'provident');
INSERT INTO `communities` (`id`, `name`) VALUES ('23', 'qui');
INSERT INTO `communities` (`id`, `name`) VALUES ('69', 'quidem');
INSERT INTO `communities` (`id`, `name`) VALUES ('6', 'quis');
INSERT INTO `communities` (`id`, `name`) VALUES ('33', 'quos');
INSERT INTO `communities` (`id`, `name`) VALUES ('76', 'quos');
INSERT INTO `communities` (`id`, `name`) VALUES ('81', 'reprehenderit');
INSERT INTO `communities` (`id`, `name`) VALUES ('55', 'sed');
INSERT INTO `communities` (`id`, `name`) VALUES ('61', 'sed');
INSERT INTO `communities` (`id`, `name`) VALUES ('68', 'sint');
INSERT INTO `communities` (`id`, `name`) VALUES ('31', 'sit');
INSERT INTO `communities` (`id`, `name`) VALUES ('92', 'soluta');
INSERT INTO `communities` (`id`, `name`) VALUES ('28', 'sunt');
INSERT INTO `communities` (`id`, `name`) VALUES ('46', 'sunt');
INSERT INTO `communities` (`id`, `name`) VALUES ('49', 'sunt');
INSERT INTO `communities` (`id`, `name`) VALUES ('37', 'tempora');
INSERT INTO `communities` (`id`, `name`) VALUES ('93', 'tempora');
INSERT INTO `communities` (`id`, `name`) VALUES ('73', 'temporibus');
INSERT INTO `communities` (`id`, `name`) VALUES ('7', 'ullam');
INSERT INTO `communities` (`id`, `name`) VALUES ('39', 'ut');
INSERT INTO `communities` (`id`, `name`) VALUES ('42', 'ut');
INSERT INTO `communities` (`id`, `name`) VALUES ('25', 'vel');
INSERT INTO `communities` (`id`, `name`) VALUES ('19', 'veritatis');
INSERT INTO `communities` (`id`, `name`) VALUES ('74', 'veritatis');
INSERT INTO `communities` (`id`, `name`) VALUES ('79', 'voluptate');
INSERT INTO `communities` (`id`, `name`) VALUES ('100', 'voluptate');
INSERT INTO `communities` (`id`, `name`) VALUES ('51', 'voluptates');
INSERT INTO `communities` (`id`, `name`) VALUES ('78', 'voluptates');
INSERT INTO `communities` (`id`, `name`) VALUES ('88', 'voluptatibus');




INSERT INTO `friend_requests` (`initiator_user_id`, `target_user_id`, `status`, `requested_at`, `confirmed_at`) VALUES ('1', '1', 'approved', '1971-11-22 07:18:00', '1975-02-19 22:13:37');
INSERT INTO `friend_requests` (`initiator_user_id`, `target_user_id`, `status`, `requested_at`, `confirmed_at`) VALUES ('2', '2', 'unfriended', '2015-08-16 13:56:16', '2013-03-21 13:02:53');
INSERT INTO `friend_requests` (`initiator_user_id`, `target_user_id`, `status`, `requested_at`, `confirmed_at`) VALUES ('3', '3', 'unfriended', '2003-06-27 05:59:31', '1971-06-17 02:30:40');
INSERT INTO `friend_requests` (`initiator_user_id`, `target_user_id`, `status`, `requested_at`, `confirmed_at`) VALUES ('4', '4', 'unfriended', '1974-05-23 09:02:29', '1997-03-01 22:11:03');
INSERT INTO `friend_requests` (`initiator_user_id`, `target_user_id`, `status`, `requested_at`, `confirmed_at`) VALUES ('5', '5', 'unfriended', '2018-02-25 20:47:23', '2004-05-21 23:47:07');
INSERT INTO `friend_requests` (`initiator_user_id`, `target_user_id`, `status`, `requested_at`, `confirmed_at`) VALUES ('6', '6', 'declined', '1995-06-24 15:51:30', '1985-09-15 22:46:46');
INSERT INTO `friend_requests` (`initiator_user_id`, `target_user_id`, `status`, `requested_at`, `confirmed_at`) VALUES ('7', '7', 'unfriended', '1972-11-18 00:24:27', '1974-10-08 02:41:18');
INSERT INTO `friend_requests` (`initiator_user_id`, `target_user_id`, `status`, `requested_at`, `confirmed_at`) VALUES ('8', '8', 'requested', '1988-02-16 05:40:34', '1985-12-31 19:40:59');
INSERT INTO `friend_requests` (`initiator_user_id`, `target_user_id`, `status`, `requested_at`, `confirmed_at`) VALUES ('9', '9', 'requested', '1971-02-15 03:28:19', '1985-10-23 01:22:34');
INSERT INTO `friend_requests` (`initiator_user_id`, `target_user_id`, `status`, `requested_at`, `confirmed_at`) VALUES ('10', '10', 'unfriended', '2013-12-22 21:43:41', '2001-01-21 07:40:50');
INSERT INTO `friend_requests` (`initiator_user_id`, `target_user_id`, `status`, `requested_at`, `confirmed_at`) VALUES ('11', '11', 'requested', '1972-09-05 21:30:53', '2014-12-25 17:21:38');
INSERT INTO `friend_requests` (`initiator_user_id`, `target_user_id`, `status`, `requested_at`, `confirmed_at`) VALUES ('12', '12', 'requested', '1979-09-03 11:21:52', '1972-05-31 00:08:46');
INSERT INTO `friend_requests` (`initiator_user_id`, `target_user_id`, `status`, `requested_at`, `confirmed_at`) VALUES ('13', '13', 'approved', '1974-02-19 02:15:28', '1974-09-01 09:46:34');
INSERT INTO `friend_requests` (`initiator_user_id`, `target_user_id`, `status`, `requested_at`, `confirmed_at`) VALUES ('14', '14', 'requested', '1971-09-24 14:02:11', '2008-12-20 20:12:33');
INSERT INTO `friend_requests` (`initiator_user_id`, `target_user_id`, `status`, `requested_at`, `confirmed_at`) VALUES ('15', '15', 'declined', '2018-11-04 18:06:08', '2007-03-19 20:11:49');
INSERT INTO `friend_requests` (`initiator_user_id`, `target_user_id`, `status`, `requested_at`, `confirmed_at`) VALUES ('16', '16', 'unfriended', '1989-04-02 06:53:01', '1987-08-20 00:39:01');
INSERT INTO `friend_requests` (`initiator_user_id`, `target_user_id`, `status`, `requested_at`, `confirmed_at`) VALUES ('17', '17', 'requested', '2008-03-17 12:20:12', '2000-05-20 05:43:33');
INSERT INTO `friend_requests` (`initiator_user_id`, `target_user_id`, `status`, `requested_at`, `confirmed_at`) VALUES ('18', '18', 'requested', '2005-01-18 06:05:57', '1981-05-27 11:24:17');
INSERT INTO `friend_requests` (`initiator_user_id`, `target_user_id`, `status`, `requested_at`, `confirmed_at`) VALUES ('19', '19', 'unfriended', '1993-09-30 10:28:06', '1970-07-16 19:15:43');
INSERT INTO `friend_requests` (`initiator_user_id`, `target_user_id`, `status`, `requested_at`, `confirmed_at`) VALUES ('20', '20', 'unfriended', '1974-12-27 17:38:21', '1977-03-29 23:01:36');
INSERT INTO `friend_requests` (`initiator_user_id`, `target_user_id`, `status`, `requested_at`, `confirmed_at`) VALUES ('21', '21', 'requested', '1971-08-23 21:14:03', '1985-09-15 10:38:30');
INSERT INTO `friend_requests` (`initiator_user_id`, `target_user_id`, `status`, `requested_at`, `confirmed_at`) VALUES ('22', '22', 'declined', '1982-09-17 00:33:23', '1985-01-27 14:37:27');
INSERT INTO `friend_requests` (`initiator_user_id`, `target_user_id`, `status`, `requested_at`, `confirmed_at`) VALUES ('23', '23', 'approved', '1989-01-11 21:26:12', '1972-06-26 08:27:03');
INSERT INTO `friend_requests` (`initiator_user_id`, `target_user_id`, `status`, `requested_at`, `confirmed_at`) VALUES ('24', '24', 'approved', '2008-10-08 23:17:36', '1971-05-19 00:28:28');
INSERT INTO `friend_requests` (`initiator_user_id`, `target_user_id`, `status`, `requested_at`, `confirmed_at`) VALUES ('25', '25', 'approved', '1972-12-07 12:54:51', '1976-01-15 00:36:59');
INSERT INTO `friend_requests` (`initiator_user_id`, `target_user_id`, `status`, `requested_at`, `confirmed_at`) VALUES ('26', '26', 'requested', '2011-01-03 16:38:37', '2005-08-30 03:40:33');
INSERT INTO `friend_requests` (`initiator_user_id`, `target_user_id`, `status`, `requested_at`, `confirmed_at`) VALUES ('27', '27', 'unfriended', '2002-10-03 16:03:12', '1998-03-26 04:28:32');
INSERT INTO `friend_requests` (`initiator_user_id`, `target_user_id`, `status`, `requested_at`, `confirmed_at`) VALUES ('28', '28', 'requested', '1974-10-15 10:57:51', '2004-10-12 05:30:42');
INSERT INTO `friend_requests` (`initiator_user_id`, `target_user_id`, `status`, `requested_at`, `confirmed_at`) VALUES ('29', '29', 'approved', '1994-07-30 12:02:16', '1981-03-05 01:30:32');
INSERT INTO `friend_requests` (`initiator_user_id`, `target_user_id`, `status`, `requested_at`, `confirmed_at`) VALUES ('30', '30', 'approved', '1972-05-15 08:35:19', '1985-10-01 16:05:05');
INSERT INTO `friend_requests` (`initiator_user_id`, `target_user_id`, `status`, `requested_at`, `confirmed_at`) VALUES ('31', '31', 'requested', '1989-02-13 12:02:54', '1992-06-22 19:56:58');
INSERT INTO `friend_requests` (`initiator_user_id`, `target_user_id`, `status`, `requested_at`, `confirmed_at`) VALUES ('32', '32', 'approved', '2012-04-10 06:53:32', '2018-01-14 07:52:57');
INSERT INTO `friend_requests` (`initiator_user_id`, `target_user_id`, `status`, `requested_at`, `confirmed_at`) VALUES ('33', '33', 'declined', '1970-03-10 00:00:54', '1977-02-16 11:32:38');
INSERT INTO `friend_requests` (`initiator_user_id`, `target_user_id`, `status`, `requested_at`, `confirmed_at`) VALUES ('34', '34', 'unfriended', '1981-07-18 21:59:48', '1998-09-06 08:30:30');
INSERT INTO `friend_requests` (`initiator_user_id`, `target_user_id`, `status`, `requested_at`, `confirmed_at`) VALUES ('35', '35', 'declined', '2005-09-27 07:17:13', '1975-09-26 07:09:48');
INSERT INTO `friend_requests` (`initiator_user_id`, `target_user_id`, `status`, `requested_at`, `confirmed_at`) VALUES ('36', '36', 'declined', '2003-05-01 04:55:27', '2002-01-17 23:46:38');
INSERT INTO `friend_requests` (`initiator_user_id`, `target_user_id`, `status`, `requested_at`, `confirmed_at`) VALUES ('37', '37', 'requested', '2007-09-02 05:55:21', '1970-08-06 02:10:36');
INSERT INTO `friend_requests` (`initiator_user_id`, `target_user_id`, `status`, `requested_at`, `confirmed_at`) VALUES ('38', '38', 'requested', '1974-08-02 03:30:41', '2001-06-25 21:01:06');
INSERT INTO `friend_requests` (`initiator_user_id`, `target_user_id`, `status`, `requested_at`, `confirmed_at`) VALUES ('39', '39', 'approved', '1990-07-04 00:15:48', '2010-07-15 14:43:05');
INSERT INTO `friend_requests` (`initiator_user_id`, `target_user_id`, `status`, `requested_at`, `confirmed_at`) VALUES ('40', '40', 'unfriended', '1983-06-07 15:07:52', '2016-04-23 21:08:19');
INSERT INTO `friend_requests` (`initiator_user_id`, `target_user_id`, `status`, `requested_at`, `confirmed_at`) VALUES ('41', '41', 'requested', '1973-03-02 14:41:08', '2019-03-11 11:16:01');
INSERT INTO `friend_requests` (`initiator_user_id`, `target_user_id`, `status`, `requested_at`, `confirmed_at`) VALUES ('42', '42', 'approved', '1992-03-29 20:34:35', '1978-06-27 09:12:15');
INSERT INTO `friend_requests` (`initiator_user_id`, `target_user_id`, `status`, `requested_at`, `confirmed_at`) VALUES ('43', '43', 'unfriended', '1981-02-08 16:51:03', '2007-11-17 21:43:14');
INSERT INTO `friend_requests` (`initiator_user_id`, `target_user_id`, `status`, `requested_at`, `confirmed_at`) VALUES ('44', '44', 'requested', '1983-09-21 11:05:57', '2005-02-06 08:51:32');
INSERT INTO `friend_requests` (`initiator_user_id`, `target_user_id`, `status`, `requested_at`, `confirmed_at`) VALUES ('45', '45', 'unfriended', '2000-04-10 02:45:37', '1994-04-26 18:33:22');
INSERT INTO `friend_requests` (`initiator_user_id`, `target_user_id`, `status`, `requested_at`, `confirmed_at`) VALUES ('46', '46', 'approved', '2006-07-23 17:07:37', '1970-06-24 13:54:53');
INSERT INTO `friend_requests` (`initiator_user_id`, `target_user_id`, `status`, `requested_at`, `confirmed_at`) VALUES ('47', '47', 'unfriended', '2002-04-15 10:24:22', '2003-02-07 06:36:50');
INSERT INTO `friend_requests` (`initiator_user_id`, `target_user_id`, `status`, `requested_at`, `confirmed_at`) VALUES ('48', '48', 'requested', '1974-04-02 22:10:51', '1992-05-13 09:48:42');
INSERT INTO `friend_requests` (`initiator_user_id`, `target_user_id`, `status`, `requested_at`, `confirmed_at`) VALUES ('49', '49', 'declined', '1982-09-02 21:24:09', '1992-06-17 10:03:12');
INSERT INTO `friend_requests` (`initiator_user_id`, `target_user_id`, `status`, `requested_at`, `confirmed_at`) VALUES ('50', '50', 'unfriended', '2001-01-04 08:10:58', '2016-12-03 01:35:37');
INSERT INTO `friend_requests` (`initiator_user_id`, `target_user_id`, `status`, `requested_at`, `confirmed_at`) VALUES ('51', '51', 'unfriended', '2014-12-27 02:08:57', '2015-06-20 11:28:28');
INSERT INTO `friend_requests` (`initiator_user_id`, `target_user_id`, `status`, `requested_at`, `confirmed_at`) VALUES ('52', '52', 'unfriended', '1989-11-06 23:34:16', '2012-03-21 16:21:12');
INSERT INTO `friend_requests` (`initiator_user_id`, `target_user_id`, `status`, `requested_at`, `confirmed_at`) VALUES ('53', '53', 'requested', '1999-10-03 19:17:11', '1970-12-10 23:25:16');
INSERT INTO `friend_requests` (`initiator_user_id`, `target_user_id`, `status`, `requested_at`, `confirmed_at`) VALUES ('54', '54', 'unfriended', '1996-05-13 08:29:45', '1998-10-18 11:13:49');
INSERT INTO `friend_requests` (`initiator_user_id`, `target_user_id`, `status`, `requested_at`, `confirmed_at`) VALUES ('55', '55', 'requested', '2003-06-10 05:17:24', '1991-02-11 19:52:18');
INSERT INTO `friend_requests` (`initiator_user_id`, `target_user_id`, `status`, `requested_at`, `confirmed_at`) VALUES ('56', '56', 'approved', '2006-04-24 00:55:27', '2012-11-23 09:20:41');
INSERT INTO `friend_requests` (`initiator_user_id`, `target_user_id`, `status`, `requested_at`, `confirmed_at`) VALUES ('57', '57', 'requested', '1975-12-09 22:49:06', '1988-04-05 03:00:37');
INSERT INTO `friend_requests` (`initiator_user_id`, `target_user_id`, `status`, `requested_at`, `confirmed_at`) VALUES ('58', '58', 'unfriended', '2005-09-26 08:50:59', '2008-03-26 14:16:03');
INSERT INTO `friend_requests` (`initiator_user_id`, `target_user_id`, `status`, `requested_at`, `confirmed_at`) VALUES ('59', '59', 'declined', '2011-08-25 10:07:41', '1998-11-27 04:06:55');
INSERT INTO `friend_requests` (`initiator_user_id`, `target_user_id`, `status`, `requested_at`, `confirmed_at`) VALUES ('60', '60', 'declined', '2002-05-25 20:39:47', '2003-04-03 14:11:30');
INSERT INTO `friend_requests` (`initiator_user_id`, `target_user_id`, `status`, `requested_at`, `confirmed_at`) VALUES ('61', '61', 'requested', '1973-02-03 19:56:45', '1990-12-02 18:50:54');
INSERT INTO `friend_requests` (`initiator_user_id`, `target_user_id`, `status`, `requested_at`, `confirmed_at`) VALUES ('62', '62', 'declined', '1989-07-31 02:59:48', '2008-11-30 10:59:52');
INSERT INTO `friend_requests` (`initiator_user_id`, `target_user_id`, `status`, `requested_at`, `confirmed_at`) VALUES ('63', '63', 'unfriended', '2002-06-03 22:30:00', '1975-12-30 20:13:18');
INSERT INTO `friend_requests` (`initiator_user_id`, `target_user_id`, `status`, `requested_at`, `confirmed_at`) VALUES ('64', '64', 'approved', '2014-11-10 06:35:03', '1984-08-04 21:03:22');
INSERT INTO `friend_requests` (`initiator_user_id`, `target_user_id`, `status`, `requested_at`, `confirmed_at`) VALUES ('65', '65', 'requested', '1989-10-19 16:40:18', '1975-01-14 01:26:45');
INSERT INTO `friend_requests` (`initiator_user_id`, `target_user_id`, `status`, `requested_at`, `confirmed_at`) VALUES ('66', '66', 'requested', '1972-10-14 21:36:09', '1970-11-09 16:04:13');
INSERT INTO `friend_requests` (`initiator_user_id`, `target_user_id`, `status`, `requested_at`, `confirmed_at`) VALUES ('67', '67', 'declined', '1970-07-29 09:22:42', '1988-08-15 21:30:49');
INSERT INTO `friend_requests` (`initiator_user_id`, `target_user_id`, `status`, `requested_at`, `confirmed_at`) VALUES ('68', '68', 'declined', '2003-11-16 14:15:04', '2010-03-31 14:24:52');
INSERT INTO `friend_requests` (`initiator_user_id`, `target_user_id`, `status`, `requested_at`, `confirmed_at`) VALUES ('69', '69', 'requested', '1990-10-19 08:37:41', '1992-05-31 13:07:49');
INSERT INTO `friend_requests` (`initiator_user_id`, `target_user_id`, `status`, `requested_at`, `confirmed_at`) VALUES ('70', '70', 'approved', '1990-11-25 20:34:06', '1989-07-29 16:32:05');
INSERT INTO `friend_requests` (`initiator_user_id`, `target_user_id`, `status`, `requested_at`, `confirmed_at`) VALUES ('71', '71', 'requested', '1978-06-07 05:55:53', '1970-09-23 19:56:35');
INSERT INTO `friend_requests` (`initiator_user_id`, `target_user_id`, `status`, `requested_at`, `confirmed_at`) VALUES ('72', '72', 'unfriended', '1995-06-02 05:23:30', '1982-05-20 02:53:49');
INSERT INTO `friend_requests` (`initiator_user_id`, `target_user_id`, `status`, `requested_at`, `confirmed_at`) VALUES ('73', '73', 'requested', '2018-10-03 09:23:06', '2016-03-09 09:53:27');
INSERT INTO `friend_requests` (`initiator_user_id`, `target_user_id`, `status`, `requested_at`, `confirmed_at`) VALUES ('74', '74', 'declined', '2003-11-23 17:05:10', '2015-07-08 17:56:34');
INSERT INTO `friend_requests` (`initiator_user_id`, `target_user_id`, `status`, `requested_at`, `confirmed_at`) VALUES ('75', '75', 'approved', '1984-02-29 07:28:29', '1994-07-19 21:17:38');
INSERT INTO `friend_requests` (`initiator_user_id`, `target_user_id`, `status`, `requested_at`, `confirmed_at`) VALUES ('76', '76', 'requested', '2016-03-30 15:43:37', '1996-10-03 01:05:39');
INSERT INTO `friend_requests` (`initiator_user_id`, `target_user_id`, `status`, `requested_at`, `confirmed_at`) VALUES ('77', '77', 'requested', '1970-06-02 21:30:25', '1972-04-07 18:33:52');
INSERT INTO `friend_requests` (`initiator_user_id`, `target_user_id`, `status`, `requested_at`, `confirmed_at`) VALUES ('78', '78', 'unfriended', '1973-10-25 05:50:48', '2006-11-03 09:31:17');
INSERT INTO `friend_requests` (`initiator_user_id`, `target_user_id`, `status`, `requested_at`, `confirmed_at`) VALUES ('79', '79', 'requested', '1971-11-19 10:15:45', '1971-12-21 12:56:01');
INSERT INTO `friend_requests` (`initiator_user_id`, `target_user_id`, `status`, `requested_at`, `confirmed_at`) VALUES ('80', '80', 'requested', '1974-07-09 16:45:19', '1994-01-19 01:04:37');
INSERT INTO `friend_requests` (`initiator_user_id`, `target_user_id`, `status`, `requested_at`, `confirmed_at`) VALUES ('81', '81', 'declined', '1979-10-18 15:05:33', '1983-03-23 06:43:10');
INSERT INTO `friend_requests` (`initiator_user_id`, `target_user_id`, `status`, `requested_at`, `confirmed_at`) VALUES ('82', '82', 'requested', '2018-02-13 22:53:00', '2013-08-20 12:43:49');
INSERT INTO `friend_requests` (`initiator_user_id`, `target_user_id`, `status`, `requested_at`, `confirmed_at`) VALUES ('83', '83', 'declined', '1997-08-02 04:09:08', '2007-02-06 01:57:22');
INSERT INTO `friend_requests` (`initiator_user_id`, `target_user_id`, `status`, `requested_at`, `confirmed_at`) VALUES ('84', '84', 'approved', '2005-05-24 23:29:57', '2006-03-11 09:44:13');
INSERT INTO `friend_requests` (`initiator_user_id`, `target_user_id`, `status`, `requested_at`, `confirmed_at`) VALUES ('85', '85', 'approved', '2003-02-09 11:47:04', '2002-07-30 04:15:33');
INSERT INTO `friend_requests` (`initiator_user_id`, `target_user_id`, `status`, `requested_at`, `confirmed_at`) VALUES ('86', '86', 'declined', '2007-11-13 15:00:14', '1997-04-07 22:30:40');
INSERT INTO `friend_requests` (`initiator_user_id`, `target_user_id`, `status`, `requested_at`, `confirmed_at`) VALUES ('87', '87', 'approved', '2001-01-15 05:18:50', '1990-12-31 09:43:41');
INSERT INTO `friend_requests` (`initiator_user_id`, `target_user_id`, `status`, `requested_at`, `confirmed_at`) VALUES ('88', '88', 'requested', '1997-09-22 15:34:10', '2013-03-06 05:15:30');
INSERT INTO `friend_requests` (`initiator_user_id`, `target_user_id`, `status`, `requested_at`, `confirmed_at`) VALUES ('89', '89', 'unfriended', '1998-07-19 09:36:59', '2019-04-09 17:47:39');
INSERT INTO `friend_requests` (`initiator_user_id`, `target_user_id`, `status`, `requested_at`, `confirmed_at`) VALUES ('90', '90', 'unfriended', '1993-05-06 17:38:15', '2017-12-17 11:01:12');
INSERT INTO `friend_requests` (`initiator_user_id`, `target_user_id`, `status`, `requested_at`, `confirmed_at`) VALUES ('91', '91', 'requested', '2012-10-23 08:12:34', '2007-07-18 17:35:59');
INSERT INTO `friend_requests` (`initiator_user_id`, `target_user_id`, `status`, `requested_at`, `confirmed_at`) VALUES ('92', '92', 'unfriended', '1990-01-08 19:53:22', '1984-04-30 21:26:40');
INSERT INTO `friend_requests` (`initiator_user_id`, `target_user_id`, `status`, `requested_at`, `confirmed_at`) VALUES ('93', '93', 'requested', '1989-01-19 10:46:32', '1988-10-15 18:29:10');
INSERT INTO `friend_requests` (`initiator_user_id`, `target_user_id`, `status`, `requested_at`, `confirmed_at`) VALUES ('94', '94', 'declined', '2009-01-09 21:06:07', '1976-08-14 18:34:49');
INSERT INTO `friend_requests` (`initiator_user_id`, `target_user_id`, `status`, `requested_at`, `confirmed_at`) VALUES ('95', '95', 'requested', '1979-11-08 11:57:45', '1974-02-20 11:59:15');
INSERT INTO `friend_requests` (`initiator_user_id`, `target_user_id`, `status`, `requested_at`, `confirmed_at`) VALUES ('96', '96', 'unfriended', '1979-11-03 11:17:40', '1986-04-01 10:25:47');
INSERT INTO `friend_requests` (`initiator_user_id`, `target_user_id`, `status`, `requested_at`, `confirmed_at`) VALUES ('97', '97', 'approved', '2015-06-02 19:21:43', '1971-06-02 21:45:57');
INSERT INTO `friend_requests` (`initiator_user_id`, `target_user_id`, `status`, `requested_at`, `confirmed_at`) VALUES ('98', '98', 'requested', '1991-01-28 10:28:53', '1996-11-15 01:53:08');
INSERT INTO `friend_requests` (`initiator_user_id`, `target_user_id`, `status`, `requested_at`, `confirmed_at`) VALUES ('99', '99', 'requested', '1980-08-12 01:54:52', '2001-06-28 17:04:26');
INSERT INTO `friend_requests` (`initiator_user_id`, `target_user_id`, `status`, `requested_at`, `confirmed_at`) VALUES ('100', '100', 'declined', '2010-12-17 08:12:19', '2013-05-23 16:12:09');



INSERT INTO `media_types` (`id`, `name`, `created_at`, `updated_at`) VALUES ('1', 'omnis', '1999-03-16 10:34:30', '1997-10-03 20:46:46');
INSERT INTO `media_types` (`id`, `name`, `created_at`, `updated_at`) VALUES ('2', 'doloribus', '1991-08-06 02:55:47', '2017-03-29 19:02:18');
INSERT INTO `media_types` (`id`, `name`, `created_at`, `updated_at`) VALUES ('3', 'nisi', '1997-01-07 07:15:18', '1981-09-11 10:13:50');
INSERT INTO `media_types` (`id`, `name`, `created_at`, `updated_at`) VALUES ('4', 'magnam', '1993-03-17 14:58:40', '1971-01-25 08:56:13');
INSERT INTO `media_types` (`id`, `name`, `created_at`, `updated_at`) VALUES ('5', 'laudantium', '2008-08-19 15:33:11', '1998-07-11 04:48:29');
INSERT INTO `media_types` (`id`, `name`, `created_at`, `updated_at`) VALUES ('6', 'non', '2013-03-29 09:03:07', '1984-11-21 20:47:02');
INSERT INTO `media_types` (`id`, `name`, `created_at`, `updated_at`) VALUES ('7', 'ea', '1996-02-08 17:47:16', '1992-07-26 19:07:15');
INSERT INTO `media_types` (`id`, `name`, `created_at`, `updated_at`) VALUES ('8', 'harum', '1979-01-07 23:31:24', '1974-01-02 02:01:26');
INSERT INTO `media_types` (`id`, `name`, `created_at`, `updated_at`) VALUES ('9', 'ratione', '1980-02-11 09:32:37', '1972-12-28 23:43:50');
INSERT INTO `media_types` (`id`, `name`, `created_at`, `updated_at`) VALUES ('10', 'possimus', '1993-02-12 07:55:15', '2013-09-15 02:27:14');
INSERT INTO `media_types` (`id`, `name`, `created_at`, `updated_at`) VALUES ('11', 'ipsam', '1982-05-20 20:02:47', '1998-02-19 17:23:13');
INSERT INTO `media_types` (`id`, `name`, `created_at`, `updated_at`) VALUES ('12', 'quia', '2019-09-30 11:18:24', '2007-03-10 17:42:09');
INSERT INTO `media_types` (`id`, `name`, `created_at`, `updated_at`) VALUES ('13', 'accusantium', '1988-02-01 00:13:54', '1992-11-29 06:08:28');
INSERT INTO `media_types` (`id`, `name`, `created_at`, `updated_at`) VALUES ('14', 'veritatis', '2000-10-20 01:06:57', '1996-01-10 09:23:37');
INSERT INTO `media_types` (`id`, `name`, `created_at`, `updated_at`) VALUES ('15', 'explicabo', '1998-02-26 13:06:26', '2016-08-07 11:52:08');
INSERT INTO `media_types` (`id`, `name`, `created_at`, `updated_at`) VALUES ('16', 'ut', '2002-12-01 07:12:02', '1994-03-24 00:34:02');
INSERT INTO `media_types` (`id`, `name`, `created_at`, `updated_at`) VALUES ('17', 'doloribus', '1983-01-21 17:06:56', '2015-05-14 04:24:27');
INSERT INTO `media_types` (`id`, `name`, `created_at`, `updated_at`) VALUES ('18', 'dicta', '1993-08-27 03:01:01', '1994-06-27 18:16:03');
INSERT INTO `media_types` (`id`, `name`, `created_at`, `updated_at`) VALUES ('19', 'ut', '2017-03-03 00:58:37', '1999-12-31 01:29:24');
INSERT INTO `media_types` (`id`, `name`, `created_at`, `updated_at`) VALUES ('20', 'repellat', '2019-04-20 02:31:34', '2012-07-25 18:40:50');
INSERT INTO `media_types` (`id`, `name`, `created_at`, `updated_at`) VALUES ('21', 'ea', '1997-06-30 17:54:57', '1996-02-11 03:05:48');
INSERT INTO `media_types` (`id`, `name`, `created_at`, `updated_at`) VALUES ('22', 'officiis', '1974-11-05 07:06:57', '1976-03-11 07:09:37');
INSERT INTO `media_types` (`id`, `name`, `created_at`, `updated_at`) VALUES ('23', 'cupiditate', '1992-01-14 02:12:50', '2007-11-04 13:09:18');
INSERT INTO `media_types` (`id`, `name`, `created_at`, `updated_at`) VALUES ('24', 'incidunt', '1979-03-29 00:44:26', '2012-06-04 18:09:28');
INSERT INTO `media_types` (`id`, `name`, `created_at`, `updated_at`) VALUES ('25', 'nemo', '1998-08-23 08:43:30', '2008-06-16 17:06:40');
INSERT INTO `media_types` (`id`, `name`, `created_at`, `updated_at`) VALUES ('26', 'est', '2001-05-09 12:45:10', '2008-11-29 20:11:30');
INSERT INTO `media_types` (`id`, `name`, `created_at`, `updated_at`) VALUES ('27', 'omnis', '1971-07-25 15:54:49', '1976-09-24 04:41:08');
INSERT INTO `media_types` (`id`, `name`, `created_at`, `updated_at`) VALUES ('28', 'commodi', '1981-07-29 10:26:35', '2017-02-23 07:55:38');
INSERT INTO `media_types` (`id`, `name`, `created_at`, `updated_at`) VALUES ('29', 'ea', '2008-08-19 20:09:38', '1976-08-27 10:32:59');
INSERT INTO `media_types` (`id`, `name`, `created_at`, `updated_at`) VALUES ('30', 'minima', '1970-02-14 00:37:05', '1995-12-29 07:48:07');
INSERT INTO `media_types` (`id`, `name`, `created_at`, `updated_at`) VALUES ('31', 'deserunt', '1981-05-31 03:40:43', '1979-03-27 09:32:15');
INSERT INTO `media_types` (`id`, `name`, `created_at`, `updated_at`) VALUES ('32', 'officiis', '2007-03-30 14:34:40', '1982-04-28 08:57:31');
INSERT INTO `media_types` (`id`, `name`, `created_at`, `updated_at`) VALUES ('33', 'dolorem', '2013-06-22 11:40:56', '1995-11-09 10:21:09');
INSERT INTO `media_types` (`id`, `name`, `created_at`, `updated_at`) VALUES ('34', 'reprehenderit', '2013-10-31 13:52:14', '1990-07-30 10:00:45');
INSERT INTO `media_types` (`id`, `name`, `created_at`, `updated_at`) VALUES ('35', 'laudantium', '2003-07-29 15:57:00', '1999-02-21 09:56:54');
INSERT INTO `media_types` (`id`, `name`, `created_at`, `updated_at`) VALUES ('36', 'consectetur', '2012-08-31 20:06:59', '1972-07-14 02:04:36');
INSERT INTO `media_types` (`id`, `name`, `created_at`, `updated_at`) VALUES ('37', 'ut', '2019-05-06 10:51:01', '1989-05-17 13:15:26');
INSERT INTO `media_types` (`id`, `name`, `created_at`, `updated_at`) VALUES ('38', 'debitis', '1970-03-02 13:34:25', '1986-03-13 18:00:56');
INSERT INTO `media_types` (`id`, `name`, `created_at`, `updated_at`) VALUES ('39', 'dolore', '1996-12-03 10:13:56', '1985-04-06 11:18:33');
INSERT INTO `media_types` (`id`, `name`, `created_at`, `updated_at`) VALUES ('40', 'dolor', '1995-01-07 16:22:39', '2006-06-15 00:51:30');
INSERT INTO `media_types` (`id`, `name`, `created_at`, `updated_at`) VALUES ('41', 'ut', '1994-05-31 14:57:07', '1972-10-08 05:11:56');
INSERT INTO `media_types` (`id`, `name`, `created_at`, `updated_at`) VALUES ('42', 'dolores', '1975-10-25 03:59:45', '2018-11-15 04:08:26');
INSERT INTO `media_types` (`id`, `name`, `created_at`, `updated_at`) VALUES ('43', 'est', '1973-11-30 22:27:12', '1980-09-24 17:35:08');
INSERT INTO `media_types` (`id`, `name`, `created_at`, `updated_at`) VALUES ('44', 'consequatur', '2001-10-25 02:05:55', '2008-07-30 21:23:55');
INSERT INTO `media_types` (`id`, `name`, `created_at`, `updated_at`) VALUES ('45', 'laboriosam', '2002-10-16 12:52:25', '1978-10-07 02:40:04');
INSERT INTO `media_types` (`id`, `name`, `created_at`, `updated_at`) VALUES ('46', 'repellendus', '1983-03-17 04:50:01', '1988-08-15 01:11:07');
INSERT INTO `media_types` (`id`, `name`, `created_at`, `updated_at`) VALUES ('47', 'sed', '2017-03-04 07:34:43', '2009-05-26 15:32:14');
INSERT INTO `media_types` (`id`, `name`, `created_at`, `updated_at`) VALUES ('48', 'corrupti', '2002-12-08 07:36:57', '1977-12-19 17:38:18');
INSERT INTO `media_types` (`id`, `name`, `created_at`, `updated_at`) VALUES ('49', 'et', '2014-07-19 20:00:52', '1987-08-04 11:59:32');
INSERT INTO `media_types` (`id`, `name`, `created_at`, `updated_at`) VALUES ('50', 'eligendi', '2003-04-17 01:03:37', '2012-07-31 17:23:47');
INSERT INTO `media_types` (`id`, `name`, `created_at`, `updated_at`) VALUES ('51', 'tenetur', '1986-07-28 21:24:25', '1975-03-16 16:17:34');
INSERT INTO `media_types` (`id`, `name`, `created_at`, `updated_at`) VALUES ('52', 'vel', '1998-01-01 07:20:15', '1998-12-04 22:09:11');
INSERT INTO `media_types` (`id`, `name`, `created_at`, `updated_at`) VALUES ('53', 'dicta', '1972-09-23 11:13:36', '2014-09-29 08:06:16');
INSERT INTO `media_types` (`id`, `name`, `created_at`, `updated_at`) VALUES ('54', 'et', '1982-06-10 13:20:13', '1975-06-09 00:21:49');
INSERT INTO `media_types` (`id`, `name`, `created_at`, `updated_at`) VALUES ('55', 'magnam', '1983-11-19 20:53:42', '1977-01-04 23:02:12');
INSERT INTO `media_types` (`id`, `name`, `created_at`, `updated_at`) VALUES ('56', 'quas', '1972-09-10 22:17:20', '2000-06-22 20:12:19');
INSERT INTO `media_types` (`id`, `name`, `created_at`, `updated_at`) VALUES ('57', 'nulla', '2001-07-31 00:29:04', '1990-10-06 17:17:25');
INSERT INTO `media_types` (`id`, `name`, `created_at`, `updated_at`) VALUES ('58', 'et', '1975-05-08 19:24:39', '1999-08-22 11:19:59');
INSERT INTO `media_types` (`id`, `name`, `created_at`, `updated_at`) VALUES ('59', 'provident', '1970-08-05 03:27:28', '2011-07-17 14:14:35');
INSERT INTO `media_types` (`id`, `name`, `created_at`, `updated_at`) VALUES ('60', 'suscipit', '1982-08-29 10:33:48', '2010-07-12 05:27:45');
INSERT INTO `media_types` (`id`, `name`, `created_at`, `updated_at`) VALUES ('61', 'maiores', '1998-01-24 15:31:49', '1998-01-03 21:57:17');
INSERT INTO `media_types` (`id`, `name`, `created_at`, `updated_at`) VALUES ('62', 'et', '2013-04-04 19:07:02', '1998-10-19 04:39:24');
INSERT INTO `media_types` (`id`, `name`, `created_at`, `updated_at`) VALUES ('63', 'ipsam', '2001-08-07 02:47:21', '2017-11-04 16:34:28');
INSERT INTO `media_types` (`id`, `name`, `created_at`, `updated_at`) VALUES ('64', 'veritatis', '1987-04-03 22:49:37', '1973-08-01 19:12:09');
INSERT INTO `media_types` (`id`, `name`, `created_at`, `updated_at`) VALUES ('65', 'explicabo', '2008-03-28 00:22:16', '1978-07-26 01:50:52');
INSERT INTO `media_types` (`id`, `name`, `created_at`, `updated_at`) VALUES ('66', 'porro', '2002-06-28 22:36:05', '1977-01-08 00:13:00');
INSERT INTO `media_types` (`id`, `name`, `created_at`, `updated_at`) VALUES ('67', 'beatae', '1987-10-16 04:46:13', '1992-02-11 08:14:07');
INSERT INTO `media_types` (`id`, `name`, `created_at`, `updated_at`) VALUES ('68', 'et', '2012-10-06 02:48:34', '1978-01-15 08:56:04');
INSERT INTO `media_types` (`id`, `name`, `created_at`, `updated_at`) VALUES ('69', 'inventore', '1997-12-28 03:39:26', '1974-09-27 04:02:37');
INSERT INTO `media_types` (`id`, `name`, `created_at`, `updated_at`) VALUES ('70', 'dolorem', '2008-06-15 07:07:36', '1996-12-03 14:06:49');
INSERT INTO `media_types` (`id`, `name`, `created_at`, `updated_at`) VALUES ('71', 'amet', '1983-12-09 08:17:37', '2006-05-03 20:45:32');
INSERT INTO `media_types` (`id`, `name`, `created_at`, `updated_at`) VALUES ('72', 'temporibus', '2003-12-03 15:47:43', '1990-03-23 10:09:05');
INSERT INTO `media_types` (`id`, `name`, `created_at`, `updated_at`) VALUES ('73', 'reprehenderit', '1972-04-11 22:05:28', '1994-11-11 10:24:43');
INSERT INTO `media_types` (`id`, `name`, `created_at`, `updated_at`) VALUES ('74', 'perferendis', '2017-02-12 15:55:34', '2013-08-14 20:23:09');
INSERT INTO `media_types` (`id`, `name`, `created_at`, `updated_at`) VALUES ('75', 'deserunt', '1975-03-12 18:54:39', '1997-04-19 20:31:39');
INSERT INTO `media_types` (`id`, `name`, `created_at`, `updated_at`) VALUES ('76', 'consequatur', '1994-03-22 14:26:00', '2017-01-12 13:48:27');
INSERT INTO `media_types` (`id`, `name`, `created_at`, `updated_at`) VALUES ('77', 'dolores', '2012-07-26 13:20:19', '1986-07-15 05:44:47');
INSERT INTO `media_types` (`id`, `name`, `created_at`, `updated_at`) VALUES ('78', 'totam', '2012-09-18 19:11:52', '1988-06-13 02:23:39');
INSERT INTO `media_types` (`id`, `name`, `created_at`, `updated_at`) VALUES ('79', 'in', '2017-04-28 01:50:39', '2020-01-03 06:41:26');
INSERT INTO `media_types` (`id`, `name`, `created_at`, `updated_at`) VALUES ('80', 'architecto', '1981-02-03 17:40:39', '1973-11-26 04:42:39');
INSERT INTO `media_types` (`id`, `name`, `created_at`, `updated_at`) VALUES ('81', 'quaerat', '2007-05-03 21:19:25', '1976-09-10 03:48:53');
INSERT INTO `media_types` (`id`, `name`, `created_at`, `updated_at`) VALUES ('82', 'reprehenderit', '2008-05-05 07:00:04', '2020-02-09 17:18:29');
INSERT INTO `media_types` (`id`, `name`, `created_at`, `updated_at`) VALUES ('83', 'provident', '1988-10-17 22:18:40', '2003-04-18 10:32:41');
INSERT INTO `media_types` (`id`, `name`, `created_at`, `updated_at`) VALUES ('84', 'hic', '2010-01-23 20:56:04', '1987-10-26 01:13:01');
INSERT INTO `media_types` (`id`, `name`, `created_at`, `updated_at`) VALUES ('85', 'et', '1980-08-20 05:10:41', '1999-12-16 23:58:20');
INSERT INTO `media_types` (`id`, `name`, `created_at`, `updated_at`) VALUES ('86', 'delectus', '1985-12-17 04:34:43', '1978-04-23 21:18:59');
INSERT INTO `media_types` (`id`, `name`, `created_at`, `updated_at`) VALUES ('87', 'pariatur', '2007-03-02 21:06:01', '2014-10-16 08:10:01');
INSERT INTO `media_types` (`id`, `name`, `created_at`, `updated_at`) VALUES ('88', 'dolorem', '1975-11-22 19:20:08', '1970-11-19 18:56:15');
INSERT INTO `media_types` (`id`, `name`, `created_at`, `updated_at`) VALUES ('89', 'minima', '1984-07-01 15:32:06', '2004-12-02 12:11:19');
INSERT INTO `media_types` (`id`, `name`, `created_at`, `updated_at`) VALUES ('90', 'magni', '1997-11-12 22:30:55', '1970-02-28 21:59:26');
INSERT INTO `media_types` (`id`, `name`, `created_at`, `updated_at`) VALUES ('91', 'eveniet', '2016-10-10 17:54:09', '1971-01-24 12:09:40');
INSERT INTO `media_types` (`id`, `name`, `created_at`, `updated_at`) VALUES ('92', 'vel', '1986-06-13 10:39:33', '2017-11-03 13:16:37');
INSERT INTO `media_types` (`id`, `name`, `created_at`, `updated_at`) VALUES ('93', 'consequuntur', '2001-07-09 03:02:31', '2000-06-05 04:21:42');
INSERT INTO `media_types` (`id`, `name`, `created_at`, `updated_at`) VALUES ('94', 'maxime', '1979-12-31 14:27:50', '1977-07-05 17:58:05');
INSERT INTO `media_types` (`id`, `name`, `created_at`, `updated_at`) VALUES ('95', 'rerum', '1987-01-30 13:07:40', '2001-03-31 22:26:12');
INSERT INTO `media_types` (`id`, `name`, `created_at`, `updated_at`) VALUES ('96', 'sint', '2006-05-01 19:41:06', '1994-04-12 03:07:06');
INSERT INTO `media_types` (`id`, `name`, `created_at`, `updated_at`) VALUES ('97', 'rerum', '1990-08-05 02:19:57', '2005-03-21 01:39:12');
INSERT INTO `media_types` (`id`, `name`, `created_at`, `updated_at`) VALUES ('98', 'id', '2001-11-02 10:05:44', '1992-07-24 10:11:11');
INSERT INTO `media_types` (`id`, `name`, `created_at`, `updated_at`) VALUES ('99', 'quasi', '1994-06-24 00:40:41', '2016-08-03 08:09:03');
INSERT INTO `media_types` (`id`, `name`, `created_at`, `updated_at`) VALUES ('100', 'et', '2018-05-22 19:12:31', '1970-01-02 05:49:47');




INSERT INTO `messages` (`id`, `from_user_id`, `to_user_id`, `body`, `created_at`) VALUES ('1', '1', '1', 'Ipsam veniam et maxime saepe aliquid dignissimos ratione culpa. Rem cum laboriosam laboriosam sit odit quasi modi voluptatibus. Aut vel dolore velit repellendus eum quod. Laudantium perferendis natus quibusdam a dolores.', '1985-08-30 17:07:30');
INSERT INTO `messages` (`id`, `from_user_id`, `to_user_id`, `body`, `created_at`) VALUES ('2', '2', '2', 'Nemo sed autem voluptas possimus. Consequuntur sed temporibus rerum nesciunt est ipsam eos. Eaque qui velit tenetur quos quas. Debitis autem porro asperiores occaecati quam rerum consequatur.', '1972-03-09 20:03:08');
INSERT INTO `messages` (`id`, `from_user_id`, `to_user_id`, `body`, `created_at`) VALUES ('3', '3', '3', 'Ea praesentium eius nesciunt eum. Totam sequi voluptatum sit dolor in eius dolorum. Fuga unde sit ex nobis vero velit. Voluptatem vitae provident minima accusantium vitae perspiciatis illum.', '2002-12-04 07:04:20');
INSERT INTO `messages` (`id`, `from_user_id`, `to_user_id`, `body`, `created_at`) VALUES ('4', '4', '4', 'Sed assumenda dolor et quasi. Omnis numquam animi ab voluptatum aliquid ea ab sit. Non dicta accusantium consequatur. Quaerat perspiciatis repudiandae voluptatibus et reprehenderit deleniti. Pariatur odio eum quisquam et a enim aut.', '1991-05-18 23:06:31');
INSERT INTO `messages` (`id`, `from_user_id`, `to_user_id`, `body`, `created_at`) VALUES ('5', '5', '5', 'Suscipit voluptates ipsum enim et corrupti eum. Tempore omnis voluptas minima incidunt cumque quos. Quam voluptatem et neque consectetur nemo fugit vero. Quidem nisi natus et voluptatibus vero et.', '1993-10-06 22:15:37');
INSERT INTO `messages` (`id`, `from_user_id`, `to_user_id`, `body`, `created_at`) VALUES ('6', '6', '6', 'Et labore quo tempore quo et aliquam eius. Consectetur libero dignissimos quae unde perspiciatis et sapiente eos. Expedita quidem enim officiis et ea. Sequi quod ut eveniet eum molestiae corrupti. Et et cumque et cumque dignissimos adipisci.', '1993-11-20 07:00:58');
INSERT INTO `messages` (`id`, `from_user_id`, `to_user_id`, `body`, `created_at`) VALUES ('7', '7', '7', 'Et et sequi deserunt sunt in quis nobis. Doloremque similique corrupti asperiores quam quo. Neque exercitationem pariatur suscipit. Odit libero eos ipsum non assumenda impedit nesciunt.', '1999-07-27 20:49:09');
INSERT INTO `messages` (`id`, `from_user_id`, `to_user_id`, `body`, `created_at`) VALUES ('8', '8', '8', 'Nobis harum dolor labore qui consequatur ut vitae aperiam. Velit et a labore nihil quaerat veniam. Nihil illum voluptatibus neque mollitia. Numquam eaque molestiae omnis vel dolores nemo corporis. Laudantium omnis aut sunt perspiciatis.', '1992-10-27 21:52:51');
INSERT INTO `messages` (`id`, `from_user_id`, `to_user_id`, `body`, `created_at`) VALUES ('9', '9', '9', 'Qui minima libero qui ut quia. Dolore soluta dignissimos non dolores dolorum sequi voluptatem aliquam.', '1990-04-24 10:25:32');
INSERT INTO `messages` (`id`, `from_user_id`, `to_user_id`, `body`, `created_at`) VALUES ('10', '10', '10', 'Itaque optio quidem neque sed vel tempora cumque. Enim omnis et numquam veritatis quisquam consequatur error. Soluta ab sunt ut corrupti et sint.', '2018-02-17 15:41:20');
INSERT INTO `messages` (`id`, `from_user_id`, `to_user_id`, `body`, `created_at`) VALUES ('11', '11', '11', 'Dolorem fuga fugit reprehenderit ipsam. Perspiciatis quia optio nihil voluptas aut.', '2009-04-30 03:01:11');
INSERT INTO `messages` (`id`, `from_user_id`, `to_user_id`, `body`, `created_at`) VALUES ('12', '12', '12', 'Omnis minus excepturi et non aut expedita pariatur aut. Veniam et exercitationem in reprehenderit magni. Rerum asperiores facilis et qui enim.', '1970-06-25 21:17:40');
INSERT INTO `messages` (`id`, `from_user_id`, `to_user_id`, `body`, `created_at`) VALUES ('13', '13', '13', 'Nemo quisquam totam aut et delectus. Numquam aut sed quod porro repellat.', '1987-05-31 02:38:44');
INSERT INTO `messages` (`id`, `from_user_id`, `to_user_id`, `body`, `created_at`) VALUES ('14', '14', '14', 'Debitis nostrum ipsam ipsam. Possimus aliquam est hic laudantium consequuntur. Quia recusandae aut eligendi ipsam eum praesentium quo.', '1993-03-28 02:20:46');
INSERT INTO `messages` (`id`, `from_user_id`, `to_user_id`, `body`, `created_at`) VALUES ('15', '15', '15', 'Voluptatibus nihil modi doloribus ut laboriosam delectus. Quisquam quo in fugit earum amet id vitae.', '2014-12-31 03:46:41');
INSERT INTO `messages` (`id`, `from_user_id`, `to_user_id`, `body`, `created_at`) VALUES ('16', '16', '16', 'Neque aliquid enim dolorem accusantium. Facilis ullam quam vitae. Ut dolorum illum nulla cumque aut autem officia. Voluptatibus aut molestias aut nam ipsa.', '2002-09-24 17:22:33');
INSERT INTO `messages` (`id`, `from_user_id`, `to_user_id`, `body`, `created_at`) VALUES ('17', '17', '17', 'Voluptate deserunt voluptate at velit eum. Dolorum velit voluptates fugit provident.', '1980-03-13 07:09:02');
INSERT INTO `messages` (`id`, `from_user_id`, `to_user_id`, `body`, `created_at`) VALUES ('18', '18', '18', 'Illum ut aperiam ut nihil dolore quos. Totam ut officiis doloremque eveniet est sint. Velit earum et aut aspernatur neque veniam. Voluptas rerum fugiat veniam eius debitis saepe.', '2016-03-24 21:57:16');
INSERT INTO `messages` (`id`, `from_user_id`, `to_user_id`, `body`, `created_at`) VALUES ('19', '19', '19', 'Modi optio magnam sed facilis. Sit sit et sit est rem rerum porro. Perspiciatis placeat nisi officia natus consequatur.', '1977-10-04 09:18:30');
INSERT INTO `messages` (`id`, `from_user_id`, `to_user_id`, `body`, `created_at`) VALUES ('20', '20', '20', 'Aut sunt minus est consectetur non aut quo. Nemo veniam adipisci labore adipisci autem. Quia corrupti necessitatibus ipsum asperiores.', '1994-02-18 08:57:01');
INSERT INTO `messages` (`id`, `from_user_id`, `to_user_id`, `body`, `created_at`) VALUES ('21', '21', '21', 'Quia et culpa ipsam veniam aut dignissimos aut. Aut voluptatem sapiente nesciunt voluptas. Ullam enim enim nam delectus cum occaecati.', '1993-08-15 12:26:01');
INSERT INTO `messages` (`id`, `from_user_id`, `to_user_id`, `body`, `created_at`) VALUES ('22', '22', '22', 'Illo culpa voluptate magnam qui dolorem facilis. Voluptates qui architecto aliquam inventore temporibus itaque. Repellendus distinctio qui iure numquam praesentium cumque et. Facilis et vel natus.', '1977-05-15 10:54:26');
INSERT INTO `messages` (`id`, `from_user_id`, `to_user_id`, `body`, `created_at`) VALUES ('23', '23', '23', 'Qui minus et consequatur dolores. Nihil est autem quis natus quis. Laboriosam occaecati et voluptatem rerum blanditiis. Quia iste laborum dicta.', '2008-06-14 10:10:41');
INSERT INTO `messages` (`id`, `from_user_id`, `to_user_id`, `body`, `created_at`) VALUES ('24', '24', '24', 'Placeat in possimus illo reiciendis. Assumenda placeat explicabo dolorem quidem velit eligendi itaque.', '2015-10-13 14:33:19');
INSERT INTO `messages` (`id`, `from_user_id`, `to_user_id`, `body`, `created_at`) VALUES ('25', '25', '25', 'Molestiae voluptatem error ea quia necessitatibus. Quo id est hic facilis.', '2006-09-17 12:42:04');
INSERT INTO `messages` (`id`, `from_user_id`, `to_user_id`, `body`, `created_at`) VALUES ('26', '26', '26', 'Est dolorum id asperiores quis nulla ipsa nihil. Aut et pariatur consectetur vitae. Optio aut accusantium est ratione delectus odio. Maxime dolor et quia adipisci placeat iste. Quia provident molestiae dolore est iste autem illo.', '1993-11-05 19:55:53');
INSERT INTO `messages` (`id`, `from_user_id`, `to_user_id`, `body`, `created_at`) VALUES ('27', '27', '27', 'Eos minima qui aut nihil ducimus. Voluptatem praesentium pariatur aut aut reprehenderit iure pariatur.', '2004-08-04 16:23:05');
INSERT INTO `messages` (`id`, `from_user_id`, `to_user_id`, `body`, `created_at`) VALUES ('28', '28', '28', 'Distinctio voluptatibus id eos eius ea sint. Officiis aut consectetur consequatur perferendis est. Commodi sint perspiciatis vero id laboriosam dolorem vel. Est aperiam ex quia consequatur sunt eaque sit.', '1992-11-30 08:26:28');
INSERT INTO `messages` (`id`, `from_user_id`, `to_user_id`, `body`, `created_at`) VALUES ('29', '29', '29', 'Laboriosam est odit eos veritatis rem. Aut voluptas dolor ut velit. Aut aut voluptas repellat. Corporis iusto harum quisquam commodi quia dolorem.', '1998-05-20 14:47:47');
INSERT INTO `messages` (`id`, `from_user_id`, `to_user_id`, `body`, `created_at`) VALUES ('30', '30', '30', 'Explicabo natus quia dolor doloribus quas fuga doloribus assumenda. Quasi tempora dicta excepturi expedita et aut quo. Adipisci in voluptatem dignissimos repellendus cum. Omnis officiis velit ab architecto voluptatem aut magni tempore.', '1990-03-21 14:19:15');
INSERT INTO `messages` (`id`, `from_user_id`, `to_user_id`, `body`, `created_at`) VALUES ('31', '31', '31', 'Aut et aut ut alias asperiores labore. Eligendi numquam magni tempore sed officiis aperiam id. Qui qui eligendi labore temporibus et voluptatibus quaerat beatae.', '1980-09-27 15:51:42');
INSERT INTO `messages` (`id`, `from_user_id`, `to_user_id`, `body`, `created_at`) VALUES ('32', '32', '32', 'Ratione at soluta quae laborum dolore ratione deleniti. Et consequatur est dolorem quod suscipit iure tenetur ad. Soluta et ut eius.', '1996-01-08 05:27:18');
INSERT INTO `messages` (`id`, `from_user_id`, `to_user_id`, `body`, `created_at`) VALUES ('33', '33', '33', 'Voluptas possimus voluptas delectus porro quasi quae atque. Autem cum ducimus eius cupiditate sunt corporis.', '2013-10-03 06:03:03');
INSERT INTO `messages` (`id`, `from_user_id`, `to_user_id`, `body`, `created_at`) VALUES ('34', '34', '34', 'Officiis consequatur officia ullam repellendus. Sunt necessitatibus sed earum molestias velit eaque.', '2006-09-19 16:25:52');
INSERT INTO `messages` (`id`, `from_user_id`, `to_user_id`, `body`, `created_at`) VALUES ('35', '35', '35', 'Eum minima ut consequatur saepe facilis. Dolore et quia quia nobis sed. Et est temporibus in reiciendis quasi architecto cumque doloremque. Voluptatibus maxime veritatis odio cupiditate quia voluptas in.', '1991-02-05 06:15:19');
INSERT INTO `messages` (`id`, `from_user_id`, `to_user_id`, `body`, `created_at`) VALUES ('36', '36', '36', 'Aut placeat modi qui. Ad ullam dignissimos maxime excepturi delectus sit est. Sed harum quia iusto laborum nihil distinctio officiis.', '1992-09-02 19:54:48');
INSERT INTO `messages` (`id`, `from_user_id`, `to_user_id`, `body`, `created_at`) VALUES ('37', '37', '37', 'Ut a placeat error quo consequatur ea minus omnis. Sint iusto doloribus possimus vitae id aut. Voluptatem est eos nulla nemo id unde. Quasi fugit amet molestiae sunt sit labore.', '2016-12-07 19:48:42');
INSERT INTO `messages` (`id`, `from_user_id`, `to_user_id`, `body`, `created_at`) VALUES ('38', '38', '38', 'Assumenda sit accusamus cumque qui provident. Laudantium officia est non quia architecto. Autem rerum ipsum totam nulla quam reiciendis culpa. Iste et dolorem ut nisi explicabo.', '1971-10-16 20:40:49');
INSERT INTO `messages` (`id`, `from_user_id`, `to_user_id`, `body`, `created_at`) VALUES ('39', '39', '39', 'Voluptas molestiae praesentium consectetur sed. Id quo perferendis veritatis sed animi et. Nostrum neque quae repellat omnis quisquam.', '1979-12-19 04:43:52');
INSERT INTO `messages` (`id`, `from_user_id`, `to_user_id`, `body`, `created_at`) VALUES ('40', '40', '40', 'Autem non sit ab alias sit. Itaque quia itaque autem est exercitationem dolor. Provident qui nihil rem dolorum aperiam ea suscipit rerum. Vero sunt exercitationem illum sint quia aut.', '2001-05-14 13:46:52');
INSERT INTO `messages` (`id`, `from_user_id`, `to_user_id`, `body`, `created_at`) VALUES ('41', '41', '41', 'Neque illo ea dolor voluptatum est et repudiandae. Et numquam iusto non voluptatem quibusdam aut quo. Officiis nisi delectus qui nihil unde nobis alias. Explicabo labore consequatur iure neque iusto consequatur.', '2019-03-27 23:10:23');
INSERT INTO `messages` (`id`, `from_user_id`, `to_user_id`, `body`, `created_at`) VALUES ('42', '42', '42', 'Alias omnis aspernatur consequatur voluptatem doloremque illum quia. Sunt culpa delectus nemo dignissimos est est in aperiam. Sapiente aliquam error sed ut aliquam pariatur. Sit aperiam expedita veniam et odit.', '2000-08-09 22:27:41');
INSERT INTO `messages` (`id`, `from_user_id`, `to_user_id`, `body`, `created_at`) VALUES ('43', '43', '43', 'Voluptatem maiores est impedit culpa quia. Animi velit et quia architecto ducimus suscipit. Tempora iure quidem repellendus repudiandae totam quia.', '1974-02-18 23:14:55');
INSERT INTO `messages` (`id`, `from_user_id`, `to_user_id`, `body`, `created_at`) VALUES ('44', '44', '44', 'Voluptatem fuga doloremque provident ipsum et. Saepe laboriosam quis sit voluptas rerum. Quisquam qui iure totam dolorum eum autem nobis.', '1989-02-20 02:00:05');
INSERT INTO `messages` (`id`, `from_user_id`, `to_user_id`, `body`, `created_at`) VALUES ('45', '45', '45', 'Quasi minus tempore reprehenderit ex. Aliquid necessitatibus aut quia fugit distinctio eos sint fugit. Quaerat quia animi nulla reprehenderit.', '2015-03-09 15:48:40');
INSERT INTO `messages` (`id`, `from_user_id`, `to_user_id`, `body`, `created_at`) VALUES ('46', '46', '46', 'Praesentium omnis beatae sunt incidunt sit. Voluptatem temporibus a et illum. Voluptas modi neque quae et est. Repellat illum et qui molestias.', '1973-05-01 16:29:48');
INSERT INTO `messages` (`id`, `from_user_id`, `to_user_id`, `body`, `created_at`) VALUES ('47', '47', '47', 'Dicta aperiam sit iusto amet qui aut. Enim incidunt laudantium ut rem. At velit enim qui nisi aliquid debitis.', '1994-10-10 11:24:18');
INSERT INTO `messages` (`id`, `from_user_id`, `to_user_id`, `body`, `created_at`) VALUES ('48', '48', '48', 'Non id consequuntur dolores et. Aut repellendus blanditiis qui veritatis. Consequuntur odit fugiat eum odit. Et cupiditate saepe deserunt id.', '1976-08-03 08:45:51');
INSERT INTO `messages` (`id`, `from_user_id`, `to_user_id`, `body`, `created_at`) VALUES ('49', '49', '49', 'Ea harum magni beatae magnam. Omnis adipisci cumque rerum laudantium non minima esse officia. Aut quo voluptatem id rerum et. Voluptatum sint sunt enim sit dolore quibusdam commodi ipsam.', '1989-10-22 23:21:51');
INSERT INTO `messages` (`id`, `from_user_id`, `to_user_id`, `body`, `created_at`) VALUES ('50', '50', '50', 'Ut voluptatem aut debitis voluptatibus ut recusandae. Alias quaerat ratione quia aliquid. Sequi vero vel labore quisquam sed. Quos atque corporis nesciunt.', '1972-02-03 15:06:44');
INSERT INTO `messages` (`id`, `from_user_id`, `to_user_id`, `body`, `created_at`) VALUES ('51', '51', '51', 'Laborum vel aspernatur sed. Id porro quibusdam libero voluptatem ab harum. Pariatur quibusdam harum tenetur voluptas autem.', '1970-08-06 10:56:29');
INSERT INTO `messages` (`id`, `from_user_id`, `to_user_id`, `body`, `created_at`) VALUES ('52', '52', '52', 'Id reiciendis omnis possimus dolorum exercitationem. Consequatur neque facere aliquam nam omnis aut. Nisi ut officia maiores.', '2000-08-21 21:41:28');
INSERT INTO `messages` (`id`, `from_user_id`, `to_user_id`, `body`, `created_at`) VALUES ('53', '53', '53', 'Ea repellendus deleniti et dolor qui quo. Vero commodi sint pariatur dolorem illum consequuntur accusantium. Architecto voluptatum qui et id voluptas ducimus. Autem odit temporibus minus nihil.', '1971-09-18 08:05:30');
INSERT INTO `messages` (`id`, `from_user_id`, `to_user_id`, `body`, `created_at`) VALUES ('54', '54', '54', 'Aperiam praesentium quos alias. Qui repellendus aut odio voluptatem officiis eos magnam aut. Labore blanditiis quia at neque. Explicabo in hic eligendi dignissimos sed est expedita voluptatem.', '2019-08-13 07:45:54');
INSERT INTO `messages` (`id`, `from_user_id`, `to_user_id`, `body`, `created_at`) VALUES ('55', '55', '55', 'Pariatur ut magnam perferendis vero officia officia. Eos dignissimos aliquid dolores deserunt rerum impedit et laudantium. Sequi provident doloremque quia dicta doloribus nisi porro.', '2005-05-19 19:11:29');
INSERT INTO `messages` (`id`, `from_user_id`, `to_user_id`, `body`, `created_at`) VALUES ('56', '56', '56', 'Vero inventore nostrum nostrum aliquid ea et soluta. Aspernatur velit voluptatem totam expedita culpa. Et explicabo et et. Inventore quo beatae inventore quis aut aut impedit ipsa.', '1995-06-22 13:49:12');
INSERT INTO `messages` (`id`, `from_user_id`, `to_user_id`, `body`, `created_at`) VALUES ('57', '57', '57', 'Tenetur error quo odio aut distinctio. Eum repellendus culpa ea eum et quos quas. Culpa voluptatem aut asperiores nam soluta. Eum earum ea consequatur praesentium consequatur nisi. Ut aliquam dolores et sed unde aut beatae.', '1993-03-28 11:47:55');
INSERT INTO `messages` (`id`, `from_user_id`, `to_user_id`, `body`, `created_at`) VALUES ('58', '58', '58', 'Dolorem animi debitis ut itaque. Id accusantium nihil quam dignissimos qui. Harum eum molestiae rerum nesciunt mollitia aut sed adipisci. Corporis atque pariatur omnis dolorum omnis cupiditate. Exercitationem impedit quia et repellat eum quia.', '1987-05-01 06:53:27');
INSERT INTO `messages` (`id`, `from_user_id`, `to_user_id`, `body`, `created_at`) VALUES ('59', '59', '59', 'Consequatur eius maiores quo. Facere eius quod deleniti aut. Quos voluptatem corporis aut animi omnis.', '2006-03-01 05:36:47');
INSERT INTO `messages` (`id`, `from_user_id`, `to_user_id`, `body`, `created_at`) VALUES ('60', '60', '60', 'Exercitationem provident omnis dolor animi. Et quos nulla aliquam ut ut tempora. Consequatur cum quia deleniti qui iure.', '1994-01-15 20:45:49');
INSERT INTO `messages` (`id`, `from_user_id`, `to_user_id`, `body`, `created_at`) VALUES ('61', '61', '61', 'Omnis nisi cumque occaecati dolores quo. Voluptate minima enim est corrupti ducimus qui. Et quas placeat rerum.', '1984-02-13 11:52:30');
INSERT INTO `messages` (`id`, `from_user_id`, `to_user_id`, `body`, `created_at`) VALUES ('62', '62', '62', 'Et sit aut delectus est. Aspernatur eos aperiam sapiente cupiditate qui deleniti. Totam est totam repellat aliquam sapiente asperiores est.', '2000-10-20 01:39:00');
INSERT INTO `messages` (`id`, `from_user_id`, `to_user_id`, `body`, `created_at`) VALUES ('63', '63', '63', 'Voluptatibus in illo recusandae sed voluptas eligendi possimus. Dolorem est ipsa itaque sequi incidunt veniam iste. Quia consequatur perspiciatis molestiae et magnam. Fugit aut sit doloremque impedit hic rerum dolorem. Corrupti in neque nemo et.', '2010-10-07 18:25:54');
INSERT INTO `messages` (`id`, `from_user_id`, `to_user_id`, `body`, `created_at`) VALUES ('64', '64', '64', 'Rerum dolor aut quod odit fugit nihil est soluta. Et provident laudantium harum et ab vel optio. Ea nihil neque reiciendis iure omnis dolores. Laboriosam laboriosam fuga aut voluptatibus veritatis omnis. Sint ex laudantium inventore at quo optio.', '1983-07-17 00:36:09');
INSERT INTO `messages` (`id`, `from_user_id`, `to_user_id`, `body`, `created_at`) VALUES ('65', '65', '65', 'Assumenda amet neque omnis iste. Vel sequi eveniet qui sed modi possimus rerum. Et voluptates soluta sit sint corporis. Facere ut deserunt eaque necessitatibus.', '2008-04-24 04:00:38');
INSERT INTO `messages` (`id`, `from_user_id`, `to_user_id`, `body`, `created_at`) VALUES ('66', '66', '66', 'Iusto magni consequuntur laboriosam velit. Voluptatum ut ab labore laborum quis dolores est alias. Accusantium inventore repellendus cupiditate ex provident est corporis velit.', '2002-02-19 05:30:22');
INSERT INTO `messages` (`id`, `from_user_id`, `to_user_id`, `body`, `created_at`) VALUES ('67', '67', '67', 'Architecto rem iste excepturi beatae. Et perferendis laboriosam numquam temporibus libero. Magnam sed eaque magni non et et. Ut eaque odio consequatur.', '1977-02-27 02:38:38');
INSERT INTO `messages` (`id`, `from_user_id`, `to_user_id`, `body`, `created_at`) VALUES ('68', '68', '68', 'Dolore totam natus et optio iure error enim ipsam. Voluptatibus suscipit ducimus nulla rerum. Totam accusantium dignissimos facere ducimus. Aspernatur natus totam sunt eligendi est exercitationem cum.', '2013-02-19 22:48:23');
INSERT INTO `messages` (`id`, `from_user_id`, `to_user_id`, `body`, `created_at`) VALUES ('69', '69', '69', 'Cumque quidem incidunt non dolore. Placeat tempora omnis facere facere nisi tempore harum. Repellendus rerum harum esse iste praesentium.', '1976-01-13 06:38:52');
INSERT INTO `messages` (`id`, `from_user_id`, `to_user_id`, `body`, `created_at`) VALUES ('70', '70', '70', 'Distinctio error nam qui similique voluptas consequatur eligendi. Ex eveniet dolores explicabo temporibus.', '1991-03-04 04:09:07');
INSERT INTO `messages` (`id`, `from_user_id`, `to_user_id`, `body`, `created_at`) VALUES ('71', '71', '71', 'Minima ut sequi ipsum est quidem. Similique velit et distinctio rerum consequatur iure enim fugiat. Est vitae ut magni placeat est et. Doloribus magni eius recusandae nam. Dolor fuga aspernatur modi laborum consequatur animi quo aperiam.', '1984-12-08 17:08:49');
INSERT INTO `messages` (`id`, `from_user_id`, `to_user_id`, `body`, `created_at`) VALUES ('72', '72', '72', 'Eligendi quaerat suscipit quia qui et amet ad laboriosam. Deserunt sed at est ut est aliquid nobis et. Explicabo perferendis omnis ea. Nisi quibusdam voluptas animi cumque occaecati ut. Vitae dolorem praesentium dignissimos debitis et.', '2000-06-08 21:33:21');
INSERT INTO `messages` (`id`, `from_user_id`, `to_user_id`, `body`, `created_at`) VALUES ('73', '73', '73', 'Officia et ut tenetur autem. Iste voluptas sunt beatae voluptas. Eos beatae totam dolore ut et. Harum itaque eveniet dolorum adipisci consequuntur dolorem.', '1992-09-28 01:38:44');
INSERT INTO `messages` (`id`, `from_user_id`, `to_user_id`, `body`, `created_at`) VALUES ('74', '74', '74', 'Sit facere voluptas laboriosam saepe. Voluptatem inventore et saepe magnam quia.', '1977-09-12 19:56:04');
INSERT INTO `messages` (`id`, `from_user_id`, `to_user_id`, `body`, `created_at`) VALUES ('75', '75', '75', 'Accusantium quibusdam est libero. Non nulla laboriosam laudantium est vero. Aut consequatur architecto est in.', '2002-11-30 14:50:06');
INSERT INTO `messages` (`id`, `from_user_id`, `to_user_id`, `body`, `created_at`) VALUES ('76', '76', '76', 'Quis nulla fugiat omnis tempore. Totam aut omnis qui inventore fuga fugiat. Ratione eum voluptas id sint et quis amet. Dicta aliquam esse tempore.', '2013-05-12 12:49:49');
INSERT INTO `messages` (`id`, `from_user_id`, `to_user_id`, `body`, `created_at`) VALUES ('77', '77', '77', 'Aut voluptatem itaque accusamus qui quod. Laboriosam unde iste non harum aut fugit et. Natus eum at molestiae excepturi ipsum ratione sit quisquam. Consectetur tenetur magnam totam voluptatem voluptas qui.', '2014-05-13 17:24:14');
INSERT INTO `messages` (`id`, `from_user_id`, `to_user_id`, `body`, `created_at`) VALUES ('78', '78', '78', 'Illum dignissimos qui maxime est. Sit qui nobis ducimus dolor culpa fugit est dolores. Qui rerum commodi voluptatem atque ratione quia at. Ipsa non enim voluptatum qui eum cupiditate fugiat ipsa.', '1987-07-26 09:31:47');
INSERT INTO `messages` (`id`, `from_user_id`, `to_user_id`, `body`, `created_at`) VALUES ('79', '79', '79', 'Delectus enim porro dolorem. Voluptatum accusantium neque occaecati blanditiis expedita incidunt velit. Est dolores neque alias necessitatibus. Animi quisquam voluptatibus iure sint.', '1982-12-05 21:43:05');
INSERT INTO `messages` (`id`, `from_user_id`, `to_user_id`, `body`, `created_at`) VALUES ('80', '80', '80', 'Quis aspernatur provident nemo. Cumque et quia culpa voluptatibus nulla. Quod vitae hic totam molestiae. Harum repellendus rem sapiente magni.', '2005-05-17 07:40:38');
INSERT INTO `messages` (`id`, `from_user_id`, `to_user_id`, `body`, `created_at`) VALUES ('81', '81', '81', 'Nisi praesentium eaque quibusdam voluptatibus ipsa inventore et. Reprehenderit aspernatur unde voluptate eum ut saepe nihil. Consectetur itaque est et iure. Et commodi tenetur sunt quod. Delectus similique nostrum dolor quia eum aspernatur.', '2000-07-08 08:53:30');
INSERT INTO `messages` (`id`, `from_user_id`, `to_user_id`, `body`, `created_at`) VALUES ('82', '82', '82', 'Accusamus esse est quis minus rerum deleniti. Cumque ad blanditiis placeat quae expedita recusandae repellat. Delectus non excepturi rerum optio omnis. Atque illum eos voluptates aperiam dolores.', '2003-08-19 19:25:31');
INSERT INTO `messages` (`id`, `from_user_id`, `to_user_id`, `body`, `created_at`) VALUES ('83', '83', '83', 'Ut odit minima aut tempore sed aspernatur est. Rerum pariatur et voluptatem voluptatem optio distinctio. Et placeat est neque nihil. Temporibus laborum ipsa distinctio et exercitationem.', '1977-09-20 20:01:01');
INSERT INTO `messages` (`id`, `from_user_id`, `to_user_id`, `body`, `created_at`) VALUES ('84', '84', '84', 'Molestiae quia nihil hic repellat odit rerum in. Dolore vel eum dicta enim est laboriosam. Atque totam pariatur expedita ut nam ad.', '1973-04-11 03:06:45');
INSERT INTO `messages` (`id`, `from_user_id`, `to_user_id`, `body`, `created_at`) VALUES ('85', '85', '85', 'Voluptas quia quis nobis labore. Soluta suscipit vitae incidunt consequuntur natus. Numquam enim eum mollitia libero exercitationem consequatur ex in.', '1995-07-28 06:43:48');
INSERT INTO `messages` (`id`, `from_user_id`, `to_user_id`, `body`, `created_at`) VALUES ('86', '86', '86', 'Velit ea ipsa molestiae. Quis ratione qui esse dolores deleniti. Omnis qui nostrum id reprehenderit et ut. Rem et explicabo ea doloremque et eveniet blanditiis eius.', '1977-02-20 11:38:46');
INSERT INTO `messages` (`id`, `from_user_id`, `to_user_id`, `body`, `created_at`) VALUES ('87', '87', '87', 'Sit nihil et autem occaecati magnam repellat iure. Ut deserunt quia nobis sed. Esse voluptas omnis beatae nisi sapiente est alias. Doloribus labore nostrum sequi in porro.', '1994-03-02 06:55:44');
INSERT INTO `messages` (`id`, `from_user_id`, `to_user_id`, `body`, `created_at`) VALUES ('88', '88', '88', 'Dolores perspiciatis excepturi voluptate vero amet vitae. Blanditiis perspiciatis odit non consequuntur illo ullam velit. Perspiciatis explicabo et voluptatem cumque et.', '2018-06-11 21:54:56');
INSERT INTO `messages` (`id`, `from_user_id`, `to_user_id`, `body`, `created_at`) VALUES ('89', '89', '89', 'Voluptatem odit assumenda consequatur. Sequi tenetur autem autem. Qui voluptatem earum rem id sit ducimus.', '1989-09-13 19:43:12');
INSERT INTO `messages` (`id`, `from_user_id`, `to_user_id`, `body`, `created_at`) VALUES ('90', '90', '90', 'Beatae est perspiciatis magni fugit labore nulla ut cupiditate. Nam facilis possimus natus et in culpa placeat saepe. Assumenda magnam aliquid ea nisi quia. Eius cum ut officiis ea deleniti esse illo.', '1974-10-17 11:17:24');
INSERT INTO `messages` (`id`, `from_user_id`, `to_user_id`, `body`, `created_at`) VALUES ('91', '91', '91', 'Et distinctio voluptas dolorem officia. Veritatis fuga soluta non similique impedit nisi laboriosam necessitatibus. Ducimus necessitatibus nemo enim dolores quia.', '1976-08-30 13:25:52');
INSERT INTO `messages` (`id`, `from_user_id`, `to_user_id`, `body`, `created_at`) VALUES ('92', '92', '92', 'Praesentium maiores repudiandae ea vitae quia delectus fuga. Et eveniet consequatur rerum eos ut. Sed sed vero quia qui eos iste consequatur.', '2009-09-06 01:08:33');
INSERT INTO `messages` (`id`, `from_user_id`, `to_user_id`, `body`, `created_at`) VALUES ('93', '93', '93', 'Et dicta illo beatae. Est deleniti sequi blanditiis et suscipit. Consequatur eos est eos. Non quo voluptatibus voluptas voluptatem natus.', '2012-08-06 06:54:50');
INSERT INTO `messages` (`id`, `from_user_id`, `to_user_id`, `body`, `created_at`) VALUES ('94', '94', '94', 'Dolor est sint dolores voluptas cum ipsam corrupti qui. Voluptatem harum est sunt qui doloremque ipsum. Quasi minus necessitatibus eos et qui.', '1971-10-01 12:47:05');
INSERT INTO `messages` (`id`, `from_user_id`, `to_user_id`, `body`, `created_at`) VALUES ('95', '95', '95', 'Nobis deleniti dolor facere quod. Error aut ipsa aut voluptates distinctio voluptatem. Molestias commodi doloribus et et. Enim cupiditate porro provident quod.', '2008-11-19 10:50:08');
INSERT INTO `messages` (`id`, `from_user_id`, `to_user_id`, `body`, `created_at`) VALUES ('96', '96', '96', 'Quos et reprehenderit dolor non similique alias. Et tenetur magnam eveniet harum quas sunt nobis exercitationem. Voluptatibus vel doloribus illum facilis. Qui omnis hic quis id aut.', '1996-11-22 11:25:11');
INSERT INTO `messages` (`id`, `from_user_id`, `to_user_id`, `body`, `created_at`) VALUES ('97', '97', '97', 'Cum soluta atque animi nemo ut velit. Labore perspiciatis esse vel nesciunt quo qui. Odio repudiandae reiciendis veritatis odit atque.', '1979-05-07 21:58:15');
INSERT INTO `messages` (`id`, `from_user_id`, `to_user_id`, `body`, `created_at`) VALUES ('98', '98', '98', 'Eligendi excepturi consectetur libero nihil aperiam. Sed consequatur et dolor est. Harum eum et et illum.', '2001-04-27 06:32:14');
INSERT INTO `messages` (`id`, `from_user_id`, `to_user_id`, `body`, `created_at`) VALUES ('99', '99', '99', 'Nulla exercitationem et sapiente. Iusto ratione quam nihil dolore perferendis et quam. Reprehenderit optio eum magnam aut quo.', '1978-05-03 18:58:01');
INSERT INTO `messages` (`id`, `from_user_id`, `to_user_id`, `body`, `created_at`) VALUES ('100', '100', '100', 'Fuga quia facere eum voluptatem iusto. Ea quia atque occaecati nesciunt. Maxime illo iste nobis doloribus adipisci hic.', '2012-04-15 14:55:05');



INSERT INTO `news_feed` (`id`, `user_id`) VALUES ('1', '1');
INSERT INTO `news_feed` (`id`, `user_id`) VALUES ('2', '2');
INSERT INTO `news_feed` (`id`, `user_id`) VALUES ('3', '3');
INSERT INTO `news_feed` (`id`, `user_id`) VALUES ('4', '4');
INSERT INTO `news_feed` (`id`, `user_id`) VALUES ('5', '5');
INSERT INTO `news_feed` (`id`, `user_id`) VALUES ('6', '6');
INSERT INTO `news_feed` (`id`, `user_id`) VALUES ('7', '7');
INSERT INTO `news_feed` (`id`, `user_id`) VALUES ('8', '8');
INSERT INTO `news_feed` (`id`, `user_id`) VALUES ('9', '9');
INSERT INTO `news_feed` (`id`, `user_id`) VALUES ('10', '10');
INSERT INTO `news_feed` (`id`, `user_id`) VALUES ('11', '11');
INSERT INTO `news_feed` (`id`, `user_id`) VALUES ('12', '12');
INSERT INTO `news_feed` (`id`, `user_id`) VALUES ('13', '13');
INSERT INTO `news_feed` (`id`, `user_id`) VALUES ('14', '14');
INSERT INTO `news_feed` (`id`, `user_id`) VALUES ('15', '15');
INSERT INTO `news_feed` (`id`, `user_id`) VALUES ('16', '16');
INSERT INTO `news_feed` (`id`, `user_id`) VALUES ('17', '17');
INSERT INTO `news_feed` (`id`, `user_id`) VALUES ('18', '18');
INSERT INTO `news_feed` (`id`, `user_id`) VALUES ('19', '19');
INSERT INTO `news_feed` (`id`, `user_id`) VALUES ('20', '20');
INSERT INTO `news_feed` (`id`, `user_id`) VALUES ('21', '21');
INSERT INTO `news_feed` (`id`, `user_id`) VALUES ('22', '22');
INSERT INTO `news_feed` (`id`, `user_id`) VALUES ('23', '23');
INSERT INTO `news_feed` (`id`, `user_id`) VALUES ('24', '24');
INSERT INTO `news_feed` (`id`, `user_id`) VALUES ('25', '25');
INSERT INTO `news_feed` (`id`, `user_id`) VALUES ('26', '26');
INSERT INTO `news_feed` (`id`, `user_id`) VALUES ('27', '27');
INSERT INTO `news_feed` (`id`, `user_id`) VALUES ('28', '28');
INSERT INTO `news_feed` (`id`, `user_id`) VALUES ('29', '29');
INSERT INTO `news_feed` (`id`, `user_id`) VALUES ('30', '30');
INSERT INTO `news_feed` (`id`, `user_id`) VALUES ('31', '31');
INSERT INTO `news_feed` (`id`, `user_id`) VALUES ('32', '32');
INSERT INTO `news_feed` (`id`, `user_id`) VALUES ('33', '33');
INSERT INTO `news_feed` (`id`, `user_id`) VALUES ('34', '34');
INSERT INTO `news_feed` (`id`, `user_id`) VALUES ('35', '35');
INSERT INTO `news_feed` (`id`, `user_id`) VALUES ('36', '36');
INSERT INTO `news_feed` (`id`, `user_id`) VALUES ('37', '37');
INSERT INTO `news_feed` (`id`, `user_id`) VALUES ('38', '38');
INSERT INTO `news_feed` (`id`, `user_id`) VALUES ('39', '39');
INSERT INTO `news_feed` (`id`, `user_id`) VALUES ('40', '40');
INSERT INTO `news_feed` (`id`, `user_id`) VALUES ('41', '41');
INSERT INTO `news_feed` (`id`, `user_id`) VALUES ('42', '42');
INSERT INTO `news_feed` (`id`, `user_id`) VALUES ('43', '43');
INSERT INTO `news_feed` (`id`, `user_id`) VALUES ('44', '44');
INSERT INTO `news_feed` (`id`, `user_id`) VALUES ('45', '45');
INSERT INTO `news_feed` (`id`, `user_id`) VALUES ('46', '46');
INSERT INTO `news_feed` (`id`, `user_id`) VALUES ('47', '47');
INSERT INTO `news_feed` (`id`, `user_id`) VALUES ('48', '48');
INSERT INTO `news_feed` (`id`, `user_id`) VALUES ('49', '49');
INSERT INTO `news_feed` (`id`, `user_id`) VALUES ('50', '50');
INSERT INTO `news_feed` (`id`, `user_id`) VALUES ('51', '51');
INSERT INTO `news_feed` (`id`, `user_id`) VALUES ('52', '52');
INSERT INTO `news_feed` (`id`, `user_id`) VALUES ('53', '53');
INSERT INTO `news_feed` (`id`, `user_id`) VALUES ('54', '54');
INSERT INTO `news_feed` (`id`, `user_id`) VALUES ('55', '55');
INSERT INTO `news_feed` (`id`, `user_id`) VALUES ('56', '56');
INSERT INTO `news_feed` (`id`, `user_id`) VALUES ('57', '57');
INSERT INTO `news_feed` (`id`, `user_id`) VALUES ('58', '58');
INSERT INTO `news_feed` (`id`, `user_id`) VALUES ('59', '59');
INSERT INTO `news_feed` (`id`, `user_id`) VALUES ('60', '60');
INSERT INTO `news_feed` (`id`, `user_id`) VALUES ('61', '61');
INSERT INTO `news_feed` (`id`, `user_id`) VALUES ('62', '62');
INSERT INTO `news_feed` (`id`, `user_id`) VALUES ('63', '63');
INSERT INTO `news_feed` (`id`, `user_id`) VALUES ('64', '64');
INSERT INTO `news_feed` (`id`, `user_id`) VALUES ('65', '65');
INSERT INTO `news_feed` (`id`, `user_id`) VALUES ('66', '66');
INSERT INTO `news_feed` (`id`, `user_id`) VALUES ('67', '67');
INSERT INTO `news_feed` (`id`, `user_id`) VALUES ('68', '68');
INSERT INTO `news_feed` (`id`, `user_id`) VALUES ('69', '69');
INSERT INTO `news_feed` (`id`, `user_id`) VALUES ('70', '70');
INSERT INTO `news_feed` (`id`, `user_id`) VALUES ('71', '71');
INSERT INTO `news_feed` (`id`, `user_id`) VALUES ('72', '72');
INSERT INTO `news_feed` (`id`, `user_id`) VALUES ('73', '73');
INSERT INTO `news_feed` (`id`, `user_id`) VALUES ('74', '74');
INSERT INTO `news_feed` (`id`, `user_id`) VALUES ('75', '75');
INSERT INTO `news_feed` (`id`, `user_id`) VALUES ('76', '76');
INSERT INTO `news_feed` (`id`, `user_id`) VALUES ('77', '77');
INSERT INTO `news_feed` (`id`, `user_id`) VALUES ('78', '78');
INSERT INTO `news_feed` (`id`, `user_id`) VALUES ('79', '79');
INSERT INTO `news_feed` (`id`, `user_id`) VALUES ('80', '80');
INSERT INTO `news_feed` (`id`, `user_id`) VALUES ('81', '81');
INSERT INTO `news_feed` (`id`, `user_id`) VALUES ('82', '82');
INSERT INTO `news_feed` (`id`, `user_id`) VALUES ('83', '83');
INSERT INTO `news_feed` (`id`, `user_id`) VALUES ('84', '84');
INSERT INTO `news_feed` (`id`, `user_id`) VALUES ('85', '85');
INSERT INTO `news_feed` (`id`, `user_id`) VALUES ('86', '86');
INSERT INTO `news_feed` (`id`, `user_id`) VALUES ('87', '87');
INSERT INTO `news_feed` (`id`, `user_id`) VALUES ('88', '88');
INSERT INTO `news_feed` (`id`, `user_id`) VALUES ('89', '89');
INSERT INTO `news_feed` (`id`, `user_id`) VALUES ('90', '90');
INSERT INTO `news_feed` (`id`, `user_id`) VALUES ('91', '91');
INSERT INTO `news_feed` (`id`, `user_id`) VALUES ('92', '92');
INSERT INTO `news_feed` (`id`, `user_id`) VALUES ('93', '93');
INSERT INTO `news_feed` (`id`, `user_id`) VALUES ('94', '94');
INSERT INTO `news_feed` (`id`, `user_id`) VALUES ('95', '95');
INSERT INTO `news_feed` (`id`, `user_id`) VALUES ('96', '96');
INSERT INTO `news_feed` (`id`, `user_id`) VALUES ('97', '97');
INSERT INTO `news_feed` (`id`, `user_id`) VALUES ('98', '98');
INSERT INTO `news_feed` (`id`, `user_id`) VALUES ('99', '99');
INSERT INTO `news_feed` (`id`, `user_id`) VALUES ('100', '100');




INSERT INTO `news` (`id`, `news_id`, `user_id`, `body`, `news_time`) VALUES ('1', '1', '1', 'Ullam quo eum corporis atque quaerat tempore labore. Qui nesciunt sed et sit cum est voluptatem. Et incidunt soluta id et magni.', '2001-06-07 01:52:16');
INSERT INTO `news` (`id`, `news_id`, `user_id`, `body`, `news_time`) VALUES ('2', '2', '2', 'Assumenda mollitia natus enim dolor nam doloremque. Vero harum beatae nihil ipsum mollitia velit. Quia dolores odit consequatur quia.', '2005-06-18 20:45:56');
INSERT INTO `news` (`id`, `news_id`, `user_id`, `body`, `news_time`) VALUES ('3', '3', '3', 'Est adipisci quas qui officia omnis neque. Illo vero quo tempore ut quas qui. Vero non beatae ab cum. Omnis dicta odit eaque eligendi ut ut nisi.', '1976-08-11 11:36:58');
INSERT INTO `news` (`id`, `news_id`, `user_id`, `body`, `news_time`) VALUES ('4', '4', '4', 'Harum et corrupti eum ut. Commodi molestiae voluptatem labore amet aut ut sunt. Error expedita aut provident porro. Est quae dicta quo qui. Et iste sequi rerum assumenda eligendi omnis.', '1993-02-18 23:54:33');
INSERT INTO `news` (`id`, `news_id`, `user_id`, `body`, `news_time`) VALUES ('5', '5', '5', 'Nemo rerum ipsum molestias sed ratione. Aut sint dolores cum corrupti earum. Rerum ducimus quod ut perferendis repudiandae a eaque molestiae.', '1982-12-08 17:30:39');
INSERT INTO `news` (`id`, `news_id`, `user_id`, `body`, `news_time`) VALUES ('6', '6', '6', 'Aut hic natus totam placeat et illum. Nostrum qui sit consequatur. Qui et placeat reiciendis maiores.', '2012-08-10 14:47:30');
INSERT INTO `news` (`id`, `news_id`, `user_id`, `body`, `news_time`) VALUES ('7', '7', '7', 'Nihil dicta perspiciatis earum reprehenderit qui est. Aut nihil ut alias tempore consequuntur. Veritatis voluptatem consequatur natus voluptatem praesentium voluptates. Asperiores inventore alias voluptatum veritatis.', '1990-06-25 21:30:46');
INSERT INTO `news` (`id`, `news_id`, `user_id`, `body`, `news_time`) VALUES ('8', '8', '8', 'Dolorem voluptatum qui tenetur officiis. Asperiores qui consequuntur consequatur expedita voluptatibus eaque voluptas. Tempore sunt qui iusto facere quis.', '1978-09-09 14:28:44');
INSERT INTO `news` (`id`, `news_id`, `user_id`, `body`, `news_time`) VALUES ('9', '9', '9', 'Repellendus ad dolor fugiat in tenetur necessitatibus eos. Possimus nam non deleniti aut. Sequi minus consequatur doloribus corporis magni doloribus dolor.', '1995-06-05 17:19:33');
INSERT INTO `news` (`id`, `news_id`, `user_id`, `body`, `news_time`) VALUES ('10', '10', '10', 'Ut facilis quis tenetur facere et. Voluptate nobis nihil vero fugiat quae. Dolorem nobis sed sequi libero est omnis. Dicta quia eos accusamus assumenda quidem et et.', '2008-09-29 23:35:05');
INSERT INTO `news` (`id`, `news_id`, `user_id`, `body`, `news_time`) VALUES ('11', '11', '11', 'Ipsum quibusdam occaecati impedit a commodi eos laboriosam. Modi ad perferendis maxime sed a inventore. Sint exercitationem porro debitis voluptas vel quia. Cum consequatur dignissimos voluptatum nemo.', '2005-03-24 18:33:46');
INSERT INTO `news` (`id`, `news_id`, `user_id`, `body`, `news_time`) VALUES ('12', '12', '12', 'Doloremque delectus eius dolore. Est corrupti iure laboriosam debitis enim. Quo rem explicabo quidem quasi repellat voluptatem culpa. Tenetur ex animi unde mollitia.', '1984-08-11 07:42:29');
INSERT INTO `news` (`id`, `news_id`, `user_id`, `body`, `news_time`) VALUES ('13', '13', '13', 'Ratione aperiam laudantium aut rerum eum. Voluptas dicta nulla accusamus ea ea vero optio. Aut omnis rerum sapiente eveniet.', '2003-07-31 04:10:57');
INSERT INTO `news` (`id`, `news_id`, `user_id`, `body`, `news_time`) VALUES ('14', '14', '14', 'Eius et tenetur eveniet voluptatem sit consectetur. Magnam sint corporis et vel corrupti suscipit quaerat. Voluptatum iste corrupti nobis corporis. Ducimus ea beatae nihil totam quaerat est.', '1990-05-14 15:27:23');
INSERT INTO `news` (`id`, `news_id`, `user_id`, `body`, `news_time`) VALUES ('15', '15', '15', 'Nemo adipisci est est unde iusto. Accusantium id nulla et. Impedit quaerat quia ut saepe. Quae reprehenderit explicabo aperiam at.', '2013-11-19 10:03:05');
INSERT INTO `news` (`id`, `news_id`, `user_id`, `body`, `news_time`) VALUES ('16', '16', '16', 'Autem sit esse incidunt et doloribus. Illum at distinctio autem unde exercitationem ducimus ut. Sed tempora sit debitis exercitationem quis culpa.', '1977-02-07 03:53:59');
INSERT INTO `news` (`id`, `news_id`, `user_id`, `body`, `news_time`) VALUES ('17', '17', '17', 'Explicabo iste quaerat molestiae autem aut maxime in ex. Odio esse sunt cum dicta distinctio modi. Deleniti veniam necessitatibus iusto a omnis eveniet unde perspiciatis. Consectetur ducimus explicabo eius voluptatem.', '1983-06-03 11:54:37');
INSERT INTO `news` (`id`, `news_id`, `user_id`, `body`, `news_time`) VALUES ('18', '18', '18', 'Omnis est occaecati minus error. Nesciunt voluptatem odit odit assumenda. Nesciunt perspiciatis a est aut rerum modi nisi quis. Voluptas sed incidunt ad aliquid excepturi.', '2010-06-01 07:56:43');
INSERT INTO `news` (`id`, `news_id`, `user_id`, `body`, `news_time`) VALUES ('19', '19', '19', 'Fugit nemo dolorem nesciunt sit magni. Provident amet pariatur perferendis consequatur aut facilis. Non quo ratione harum deserunt natus totam et. Autem ducimus tempora possimus ducimus maiores.', '2008-01-02 08:23:13');
INSERT INTO `news` (`id`, `news_id`, `user_id`, `body`, `news_time`) VALUES ('20', '20', '20', 'Placeat qui iste itaque. Eaque rem accusamus est deleniti. Voluptatum doloribus ullam sed dignissimos vel aut ut. Delectus et ex maiores.', '1986-08-01 01:18:42');
INSERT INTO `news` (`id`, `news_id`, `user_id`, `body`, `news_time`) VALUES ('21', '21', '21', 'Est dolor fuga aliquam et modi illum. Explicabo sunt est fuga omnis delectus. Unde hic fugit pariatur earum et et quia. Occaecati omnis aut cumque animi et alias non. Ducimus eius rem ad dolores voluptatem et consequatur qui.', '1992-07-15 15:39:41');
INSERT INTO `news` (`id`, `news_id`, `user_id`, `body`, `news_time`) VALUES ('22', '22', '22', 'Quo et aliquam ipsa voluptatem beatae consequuntur. Fugit asperiores expedita est. Quia quaerat molestiae rerum et accusamus.', '2004-07-20 03:17:38');
INSERT INTO `news` (`id`, `news_id`, `user_id`, `body`, `news_time`) VALUES ('23', '23', '23', 'Corrupti id laborum blanditiis accusamus. Atque assumenda perspiciatis aut molestiae laborum. Ut animi voluptatibus impedit sint quisquam blanditiis sed dolorum. Et aut ut esse nulla sit aut. Eveniet praesentium eligendi atque eaque.', '1993-06-20 23:42:44');
INSERT INTO `news` (`id`, `news_id`, `user_id`, `body`, `news_time`) VALUES ('24', '24', '24', 'Et autem nihil aspernatur aut quo aut. Qui sed animi similique rerum repudiandae. Ut libero similique aut nam temporibus dolorum pariatur nesciunt. Adipisci sint iste non est et.', '1973-12-03 03:50:25');
INSERT INTO `news` (`id`, `news_id`, `user_id`, `body`, `news_time`) VALUES ('25', '25', '25', 'Ducimus voluptatem vero unde aut voluptates. Corrupti a quis id incidunt quis tenetur id. Labore quis officia omnis quidem. Voluptates ea nam id vero. Provident cum ut sint placeat soluta aut quisquam corrupti.', '2014-02-05 12:40:20');
INSERT INTO `news` (`id`, `news_id`, `user_id`, `body`, `news_time`) VALUES ('26', '26', '26', 'Perferendis nihil quam excepturi ab. Tempora quis eius et facere voluptate eaque placeat. Tempora commodi aut est illo magnam. Aut at minima tempora ut quia.', '2005-08-16 13:04:34');
INSERT INTO `news` (`id`, `news_id`, `user_id`, `body`, `news_time`) VALUES ('27', '27', '27', 'Quis laboriosam amet similique eos aut voluptatem. Ipsam ea explicabo provident. Ducimus consequuntur sit perspiciatis alias nobis. Dolores officiis earum recusandae dolorum in et. Ut laborum qui at et rem fugit eligendi.', '2020-01-26 16:22:18');
INSERT INTO `news` (`id`, `news_id`, `user_id`, `body`, `news_time`) VALUES ('28', '28', '28', 'Ex dolore vel et vero fugiat laudantium pariatur dolorem. Voluptatem eos consequatur quod aut aut sed. Sed molestiae quia autem ipsa iste.', '1999-03-20 14:53:38');
INSERT INTO `news` (`id`, `news_id`, `user_id`, `body`, `news_time`) VALUES ('29', '29', '29', 'Velit vel nam qui adipisci. Reprehenderit soluta porro et est voluptates.', '2007-01-20 09:44:38');
INSERT INTO `news` (`id`, `news_id`, `user_id`, `body`, `news_time`) VALUES ('30', '30', '30', 'Tempora voluptates earum aut voluptas quia pariatur. Sit odio quos labore vel est. Vero perspiciatis aliquam quasi quia. Inventore et perspiciatis error fuga.', '1988-09-18 20:09:23');
INSERT INTO `news` (`id`, `news_id`, `user_id`, `body`, `news_time`) VALUES ('31', '31', '31', 'Qui earum rerum nam suscipit suscipit incidunt. Veritatis iste consequuntur qui ratione. Laboriosam similique illo similique aut suscipit. Numquam cum qui perspiciatis sit dolorem molestiae. Eum sed pariatur officiis ut deleniti quia eos.', '1990-04-29 03:44:45');
INSERT INTO `news` (`id`, `news_id`, `user_id`, `body`, `news_time`) VALUES ('32', '32', '32', 'Quia sint sit ea laudantium. Nisi ipsa possimus esse explicabo et nulla dignissimos. Laboriosam aliquam earum eos magni.', '1990-01-09 20:46:36');
INSERT INTO `news` (`id`, `news_id`, `user_id`, `body`, `news_time`) VALUES ('33', '33', '33', 'Saepe sit quia minus adipisci mollitia et iusto dignissimos. Voluptas ea pariatur accusantium cupiditate explicabo. Ratione dolor ex at.', '1988-12-08 06:59:46');
INSERT INTO `news` (`id`, `news_id`, `user_id`, `body`, `news_time`) VALUES ('34', '34', '34', 'Ratione illum neque libero quibusdam culpa qui corrupti. Incidunt et reprehenderit officia voluptates molestiae sequi.', '2012-09-28 14:10:28');
INSERT INTO `news` (`id`, `news_id`, `user_id`, `body`, `news_time`) VALUES ('35', '35', '35', 'Odio labore recusandae est est occaecati voluptatem repellat dignissimos. Numquam quo explicabo ut fugiat fugit ab sequi.', '1976-11-24 09:41:40');
INSERT INTO `news` (`id`, `news_id`, `user_id`, `body`, `news_time`) VALUES ('36', '36', '36', 'Fugit et qui reiciendis labore. Architecto quo delectus exercitationem et quasi asperiores illum. Accusamus non itaque qui debitis voluptas illo expedita. Nisi perspiciatis autem dolorem sequi sint.', '2010-12-12 09:48:22');
INSERT INTO `news` (`id`, `news_id`, `user_id`, `body`, `news_time`) VALUES ('37', '37', '37', 'Aut perferendis in maxime beatae ex et omnis. Debitis et natus qui qui consectetur et quia. Molestiae aspernatur est fugiat ducimus aut. Quia quisquam ut dolorum sint ut enim et. Dolorem similique repellat ut vel ut eum.', '1991-02-17 23:45:33');
INSERT INTO `news` (`id`, `news_id`, `user_id`, `body`, `news_time`) VALUES ('38', '38', '38', 'Optio quaerat eius adipisci animi qui. Recusandae molestiae ea veritatis aut sed rerum similique. Tenetur officia sit ad voluptatibus est.', '1975-05-20 20:08:24');
INSERT INTO `news` (`id`, `news_id`, `user_id`, `body`, `news_time`) VALUES ('39', '39', '39', 'Quae earum repellat neque. Sunt dolores ut recusandae animi eius et qui. Numquam nihil commodi maiores vitae.', '1990-10-13 09:21:27');
INSERT INTO `news` (`id`, `news_id`, `user_id`, `body`, `news_time`) VALUES ('40', '40', '40', 'Modi quibusdam voluptate et id omnis laudantium. Eos ea qui et explicabo ipsum quos quas tempore. Facilis aliquam minima autem quisquam quasi voluptates. Dolore harum soluta modi ad corporis maxime adipisci.', '1999-11-18 09:27:09');
INSERT INTO `news` (`id`, `news_id`, `user_id`, `body`, `news_time`) VALUES ('41', '41', '41', 'Aut quos sed nesciunt dolorum quidem velit vitae. Minus molestias optio id officia. Sint harum praesentium tenetur consequatur neque. Quidem in in ut aut assumenda occaecati et error. Aut eveniet recusandae consequatur.', '2008-05-24 07:34:36');
INSERT INTO `news` (`id`, `news_id`, `user_id`, `body`, `news_time`) VALUES ('42', '42', '42', 'Eaque et maxime optio sed explicabo voluptas sit vero. Sunt voluptatem praesentium cum porro libero nisi assumenda.', '1974-10-21 01:56:05');
INSERT INTO `news` (`id`, `news_id`, `user_id`, `body`, `news_time`) VALUES ('43', '43', '43', 'Aperiam aperiam quas sunt est. Quia recusandae sint id exercitationem animi voluptas nihil nihil. Deleniti molestiae optio ipsam est modi eos fuga. Voluptas mollitia animi consequatur non.', '2008-07-19 16:56:52');
INSERT INTO `news` (`id`, `news_id`, `user_id`, `body`, `news_time`) VALUES ('44', '44', '44', 'Sunt perferendis animi praesentium autem. Quae laudantium consequuntur perspiciatis animi. Culpa deserunt maiores quia quam. Numquam nostrum fuga tempora id dolorem.', '2004-05-19 02:05:46');
INSERT INTO `news` (`id`, `news_id`, `user_id`, `body`, `news_time`) VALUES ('45', '45', '45', 'Qui repellat qui quas. Tempora vitae et quo. Repudiandae eos omnis hic nobis ea fugit dolores. Cumque autem soluta deserunt est molestiae ea.', '1978-03-02 03:28:23');
INSERT INTO `news` (`id`, `news_id`, `user_id`, `body`, `news_time`) VALUES ('46', '46', '46', 'Fugiat corporis qui qui aut asperiores magni omnis. Vel est qui sint veritatis et doloremque. Quibusdam alias quo eum sed. Dignissimos iure libero non voluptatem.', '1986-12-13 07:51:12');
INSERT INTO `news` (`id`, `news_id`, `user_id`, `body`, `news_time`) VALUES ('47', '47', '47', 'Iste dolor voluptatem recusandae ut temporibus minus. Doloribus dolores voluptatem ipsa sunt voluptas eligendi error esse. Temporibus voluptatibus est perferendis modi sed fugiat dicta.', '2004-06-03 06:06:26');
INSERT INTO `news` (`id`, `news_id`, `user_id`, `body`, `news_time`) VALUES ('48', '48', '48', 'Ipsum officia adipisci doloribus quaerat vitae. Cupiditate rerum fugiat sunt est. Quae suscipit nostrum aliquam atque aut laudantium tempore.', '1994-09-12 03:13:58');
INSERT INTO `news` (`id`, `news_id`, `user_id`, `body`, `news_time`) VALUES ('49', '49', '49', 'Ullam et magni totam repudiandae. Quia sit non impedit minima voluptatem soluta eum. Rerum qui neque autem dolorem. Atque quia temporibus aut illo totam natus aut.', '1995-08-07 04:45:27');
INSERT INTO `news` (`id`, `news_id`, `user_id`, `body`, `news_time`) VALUES ('50', '50', '50', 'Pariatur eligendi enim quae consectetur. Omnis molestiae ut vel voluptas. Veniam ipsa ut iusto alias reprehenderit aut nemo. In culpa quam dolores voluptates veritatis.', '1971-09-05 01:25:38');
INSERT INTO `news` (`id`, `news_id`, `user_id`, `body`, `news_time`) VALUES ('51', '51', '51', 'Autem harum qui adipisci cum. Est aut culpa natus sunt eum.', '1980-05-02 16:34:43');
INSERT INTO `news` (`id`, `news_id`, `user_id`, `body`, `news_time`) VALUES ('52', '52', '52', 'Qui ut vel illum molestiae perspiciatis. Consequatur ut provident quo aut voluptatem. Nam ea est sunt ut vero non.', '2013-08-08 14:03:19');
INSERT INTO `news` (`id`, `news_id`, `user_id`, `body`, `news_time`) VALUES ('53', '53', '53', 'Velit et facilis sed ullam voluptas. Quidem doloremque omnis blanditiis qui voluptas itaque. Provident consequatur aut id officiis. Minima aut asperiores veniam soluta.', '2009-11-27 10:32:28');
INSERT INTO `news` (`id`, `news_id`, `user_id`, `body`, `news_time`) VALUES ('54', '54', '54', 'Facilis quos nihil maiores similique. Sed suscipit sit non reprehenderit minima. Accusamus quia quo et ratione. Unde itaque nostrum id consectetur quia eveniet magnam.', '2000-12-31 01:54:49');
INSERT INTO `news` (`id`, `news_id`, `user_id`, `body`, `news_time`) VALUES ('55', '55', '55', 'Sunt ipsum quo quos est. Sint sequi sed est voluptate ea unde. Facilis ipsam sed minima expedita libero suscipit.', '2016-02-16 00:52:17');
INSERT INTO `news` (`id`, `news_id`, `user_id`, `body`, `news_time`) VALUES ('56', '56', '56', 'Non sequi excepturi esse non doloremque. Vel vel inventore officia. Non asperiores aliquam dolor amet quaerat sit amet. Quasi repellat doloribus maxime quia tenetur vel.', '2016-01-13 21:05:00');
INSERT INTO `news` (`id`, `news_id`, `user_id`, `body`, `news_time`) VALUES ('57', '57', '57', 'Aut qui id sunt cum inventore. Sint laboriosam totam delectus sit. Et nam beatae similique ullam molestiae. Eos rerum omnis excepturi consequuntur sint.', '1977-12-03 03:10:11');
INSERT INTO `news` (`id`, `news_id`, `user_id`, `body`, `news_time`) VALUES ('58', '58', '58', 'Sed eos quia vero rem ullam asperiores consectetur. Qui velit velit itaque consectetur rerum. Voluptatum qui qui alias eveniet cupiditate enim animi ut. Quibusdam officiis commodi repellat.', '1975-12-02 07:25:58');
INSERT INTO `news` (`id`, `news_id`, `user_id`, `body`, `news_time`) VALUES ('59', '59', '59', 'Pariatur quaerat eius nihil et debitis quisquam dolores. Corrupti minus quasi debitis suscipit voluptas. Id repellat corrupti quo dolore.', '1983-06-19 23:31:50');
INSERT INTO `news` (`id`, `news_id`, `user_id`, `body`, `news_time`) VALUES ('60', '60', '60', 'Aut sapiente illo neque dolorem est. Qui deleniti dolorum ut tenetur cumque sint quia. Atque quisquam et repellendus adipisci illo ut ut id. Quis non architecto officia voluptates nihil dolorem fugiat quia.', '1994-03-16 13:06:39');
INSERT INTO `news` (`id`, `news_id`, `user_id`, `body`, `news_time`) VALUES ('61', '61', '61', 'Voluptatibus minus nisi sunt et est maxime quibusdam perspiciatis. Earum beatae voluptatum iure voluptates eveniet officiis. Praesentium cum laudantium voluptas sit perferendis omnis soluta.', '1982-06-30 00:46:09');
INSERT INTO `news` (`id`, `news_id`, `user_id`, `body`, `news_time`) VALUES ('62', '62', '62', 'Quo quis maxime debitis nemo. Omnis non qui voluptatum placeat.', '1990-02-05 11:19:28');
INSERT INTO `news` (`id`, `news_id`, `user_id`, `body`, `news_time`) VALUES ('63', '63', '63', 'Placeat similique iste vel ut a quo asperiores. Sit vel accusamus animi rem deserunt architecto porro. Necessitatibus assumenda et id aspernatur culpa. Eos odio quis voluptatibus inventore aut.', '1992-10-19 17:20:49');
INSERT INTO `news` (`id`, `news_id`, `user_id`, `body`, `news_time`) VALUES ('64', '64', '64', 'Sint voluptates aspernatur dolorem voluptatum fugit eum. Tempora tenetur et reprehenderit. Nam perferendis dolorem sed dolorem praesentium.', '2009-12-16 13:33:01');
INSERT INTO `news` (`id`, `news_id`, `user_id`, `body`, `news_time`) VALUES ('65', '65', '65', 'Debitis dolores alias reiciendis nam placeat et assumenda. Aperiam tempore ut ut et omnis. Nihil dolorem deleniti quod voluptas ex omnis.', '2009-12-15 05:41:02');
INSERT INTO `news` (`id`, `news_id`, `user_id`, `body`, `news_time`) VALUES ('66', '66', '66', 'Exercitationem optio dolor nostrum rerum rerum eveniet non. Ullam facilis autem fugit voluptatum non.', '1991-11-14 04:27:27');
INSERT INTO `news` (`id`, `news_id`, `user_id`, `body`, `news_time`) VALUES ('67', '67', '67', 'Vero ea magnam repellat reiciendis est quisquam incidunt. Atque laudantium ut ipsum qui temporibus ducimus accusamus totam. Ea aperiam dignissimos laudantium qui quas ex asperiores omnis. Quia qui neque sequi laudantium.', '2008-03-30 19:00:16');
INSERT INTO `news` (`id`, `news_id`, `user_id`, `body`, `news_time`) VALUES ('68', '68', '68', 'Nesciunt a aut aliquam doloremque numquam consequatur. Pariatur veritatis vero sed vel perspiciatis nihil necessitatibus. Qui sit similique nihil doloremque rerum.', '2013-12-29 05:48:15');
INSERT INTO `news` (`id`, `news_id`, `user_id`, `body`, `news_time`) VALUES ('69', '69', '69', 'Repellat ratione a natus ipsum vel tempore. Similique blanditiis delectus magni sit rem enim alias totam. Non nam aspernatur quisquam repudiandae assumenda. Deleniti voluptate eum consequatur modi.', '2019-05-11 10:51:41');
INSERT INTO `news` (`id`, `news_id`, `user_id`, `body`, `news_time`) VALUES ('70', '70', '70', 'Eum fuga officia sapiente quibusdam unde ullam. Et odit quis eos. Minus excepturi enim eligendi quis cupiditate voluptatem ducimus recusandae. Ut explicabo ducimus deleniti quos.', '1999-10-21 17:26:50');
INSERT INTO `news` (`id`, `news_id`, `user_id`, `body`, `news_time`) VALUES ('71', '71', '71', 'Aut doloribus fuga aut odio ipsam. Voluptatem aut molestiae omnis aut. Enim ut at nobis rerum. Et a nobis autem.', '2018-12-20 14:11:30');
INSERT INTO `news` (`id`, `news_id`, `user_id`, `body`, `news_time`) VALUES ('72', '72', '72', 'Molestiae nisi molestias quidem qui. Voluptatibus voluptatem omnis ducimus sint autem. Deserunt autem sit nostrum quas mollitia alias. Ut qui ut eligendi laborum magni omnis natus tempore.', '2003-08-01 14:49:03');
INSERT INTO `news` (`id`, `news_id`, `user_id`, `body`, `news_time`) VALUES ('73', '73', '73', 'Aut explicabo vel labore. Sunt ipsam excepturi delectus quia exercitationem maxime dignissimos velit. Eligendi error exercitationem nam nulla dolorum fugit. Ipsum voluptates vero sed voluptas non.', '1977-04-13 11:01:40');
INSERT INTO `news` (`id`, `news_id`, `user_id`, `body`, `news_time`) VALUES ('74', '74', '74', 'Ratione dolores maxime ipsa. Sapiente asperiores sit facere et. Sed sunt laboriosam qui non dolor. Velit vero voluptatem aut quia inventore quae.', '2015-01-06 17:22:49');
INSERT INTO `news` (`id`, `news_id`, `user_id`, `body`, `news_time`) VALUES ('75', '75', '75', 'Architecto voluptatem distinctio et dolorum. Quas voluptatibus veniam dolor ducimus iusto magni ipsa. Ut aut doloribus deleniti et omnis. Reiciendis earum asperiores quo quia.', '1971-10-02 18:33:21');
INSERT INTO `news` (`id`, `news_id`, `user_id`, `body`, `news_time`) VALUES ('76', '76', '76', 'Odio rerum ipsa dolor quia modi minima. Quae modi totam sint sunt. Id et earum facere praesentium.', '1997-10-24 11:17:55');
INSERT INTO `news` (`id`, `news_id`, `user_id`, `body`, `news_time`) VALUES ('77', '77', '77', 'Vel magni id suscipit veniam saepe iure est qui. Officiis et deserunt aut placeat quo culpa. Nostrum beatae temporibus rerum iure nihil ea ullam adipisci. Quas unde ea nisi voluptas sit corporis doloribus.', '2002-01-27 20:00:44');
INSERT INTO `news` (`id`, `news_id`, `user_id`, `body`, `news_time`) VALUES ('78', '78', '78', 'Quas unde esse quidem. Facere id officia sit iusto provident. Enim deserunt consectetur quas sit. Corporis quo omnis rem perferendis.', '1981-07-07 03:57:03');
INSERT INTO `news` (`id`, `news_id`, `user_id`, `body`, `news_time`) VALUES ('79', '79', '79', 'Occaecati et et cupiditate officiis aliquam necessitatibus dignissimos. Recusandae ipsa ut nobis consectetur nam. Velit est quo est odit qui explicabo sed. Illo vitae pariatur dignissimos id ad.', '2012-11-01 18:04:11');
INSERT INTO `news` (`id`, `news_id`, `user_id`, `body`, `news_time`) VALUES ('80', '80', '80', 'Quam dolorem aut odit sit. Placeat libero sit dolorum autem quidem impedit. Et velit officiis voluptate consectetur id et rerum rerum. Hic eos eos dolor repellendus magnam excepturi omnis.', '2012-01-23 15:37:15');
INSERT INTO `news` (`id`, `news_id`, `user_id`, `body`, `news_time`) VALUES ('81', '81', '81', 'Quis illum aut quae odit magnam. Debitis assumenda harum accusantium amet laboriosam quia laboriosam. Tempora est dolorem qui occaecati ut sed sit. Aut assumenda dolore cupiditate facere neque ratione ut.', '1979-09-28 14:52:29');
INSERT INTO `news` (`id`, `news_id`, `user_id`, `body`, `news_time`) VALUES ('82', '82', '82', 'Sint occaecati non quibusdam. Deserunt est possimus voluptatem voluptatem. Voluptas odio aut voluptatem officia reprehenderit est magnam doloribus.', '1981-05-08 01:13:09');
INSERT INTO `news` (`id`, `news_id`, `user_id`, `body`, `news_time`) VALUES ('83', '83', '83', 'Voluptatem molestiae aut sit et in natus tempore. Sunt est iusto qui mollitia non aspernatur. Incidunt quis cum consectetur.', '1993-03-27 15:18:47');
INSERT INTO `news` (`id`, `news_id`, `user_id`, `body`, `news_time`) VALUES ('84', '84', '84', 'Porro nihil doloribus repudiandae non. Aut fuga et libero dolorem similique accusamus. Est eaque exercitationem ratione qui expedita vel. Sit et est ullam ut necessitatibus.', '1976-11-28 18:09:47');
INSERT INTO `news` (`id`, `news_id`, `user_id`, `body`, `news_time`) VALUES ('85', '85', '85', 'Quia consequuntur nam eius dicta possimus non. Eius fuga qui debitis qui. Dolore laudantium in ratione eum laborum non voluptas. Quia est consequatur non et et autem.', '2019-11-17 03:31:37');
INSERT INTO `news` (`id`, `news_id`, `user_id`, `body`, `news_time`) VALUES ('86', '86', '86', 'Ut eligendi non quia modi natus earum. Maxime repellat facilis occaecati ducimus. Aliquid iste eum ratione. Porro et voluptatem soluta exercitationem dignissimos officiis.', '1978-05-23 16:58:06');
INSERT INTO `news` (`id`, `news_id`, `user_id`, `body`, `news_time`) VALUES ('87', '87', '87', 'Accusantium tempora harum odit perferendis. Nihil laudantium repudiandae et fugit. Asperiores qui doloremque non dolores mollitia itaque quo. Incidunt molestiae voluptates itaque.', '1984-12-09 20:42:06');
INSERT INTO `news` (`id`, `news_id`, `user_id`, `body`, `news_time`) VALUES ('88', '88', '88', 'Eligendi quasi corrupti aliquid magni dolores atque. Sunt est est nam qui quibusdam. Voluptatem numquam reprehenderit sequi. Dolorem dolore praesentium velit ut accusamus.', '1992-07-16 08:52:53');
INSERT INTO `news` (`id`, `news_id`, `user_id`, `body`, `news_time`) VALUES ('89', '89', '89', 'Facere aut dicta distinctio veniam. Corrupti nihil mollitia sapiente porro tempore. Est dolore architecto rerum earum quo quo nulla ut. Veritatis deleniti omnis dolor cum.', '2004-06-12 08:37:30');
INSERT INTO `news` (`id`, `news_id`, `user_id`, `body`, `news_time`) VALUES ('90', '90', '90', 'Laborum quaerat et nihil vitae. Tenetur optio quo et dignissimos aut id sint. Quis accusantium aut ut.', '1975-06-10 08:09:32');
INSERT INTO `news` (`id`, `news_id`, `user_id`, `body`, `news_time`) VALUES ('91', '91', '91', 'Itaque cupiditate et quaerat doloribus. Cupiditate numquam est vero voluptatum. Et harum dolor debitis dolorum aut facere officiis numquam.', '1972-07-24 18:18:03');
INSERT INTO `news` (`id`, `news_id`, `user_id`, `body`, `news_time`) VALUES ('92', '92', '92', 'Dolore qui ea maiores dolorem eum ut doloribus. Consequuntur eligendi totam sed quia sint eos. Sunt nemo non exercitationem alias sed. Quidem veniam nesciunt labore fugit voluptatem nemo quia vero.', '1996-04-02 11:43:15');
INSERT INTO `news` (`id`, `news_id`, `user_id`, `body`, `news_time`) VALUES ('93', '93', '93', 'Accusamus maxime rerum quas incidunt ut illum. Dignissimos accusantium aut ea optio reiciendis et. Nostrum quis quis iste accusantium labore consectetur omnis. Nemo enim provident illum et et.', '2017-06-23 08:59:51');
INSERT INTO `news` (`id`, `news_id`, `user_id`, `body`, `news_time`) VALUES ('94', '94', '94', 'Autem eius quisquam iste reprehenderit iure. Est voluptatem aut consectetur molestias.', '2019-06-15 07:06:27');
INSERT INTO `news` (`id`, `news_id`, `user_id`, `body`, `news_time`) VALUES ('95', '95', '95', 'Voluptas consequuntur et reiciendis quia voluptatem veritatis unde quisquam. Optio voluptatem vel repellat id ab.', '1987-12-07 05:03:44');
INSERT INTO `news` (`id`, `news_id`, `user_id`, `body`, `news_time`) VALUES ('96', '96', '96', 'Explicabo tempore excepturi voluptatem possimus ut dolore non. Dignissimos temporibus quod enim cupiditate. Quasi et quo est quasi et voluptas rerum. Itaque ratione inventore expedita consequatur consequatur dignissimos.', '1987-07-01 14:50:03');
INSERT INTO `news` (`id`, `news_id`, `user_id`, `body`, `news_time`) VALUES ('97', '97', '97', 'Sequi autem doloribus nihil praesentium. Eos distinctio quisquam consectetur voluptatibus delectus ab molestias voluptates. Modi error ipsum atque consequatur non tempore excepturi. Adipisci tempore omnis et ipsam.', '1989-07-22 19:33:56');
INSERT INTO `news` (`id`, `news_id`, `user_id`, `body`, `news_time`) VALUES ('98', '98', '98', 'Nulla officiis et occaecati distinctio qui vel cum. Aliquam rerum distinctio dolore dolores reprehenderit aut. Illo dolores corrupti est fugiat sint ut laborum quod.', '1976-08-15 09:42:58');
INSERT INTO `news` (`id`, `news_id`, `user_id`, `body`, `news_time`) VALUES ('99', '99', '99', 'Officia qui aut culpa. Consequuntur cupiditate quo perspiciatis. Est nemo maxime neque eum.', '2005-05-10 22:25:58');
INSERT INTO `news` (`id`, `news_id`, `user_id`, `body`, `news_time`) VALUES ('100', '100', '100', 'Ut sapiente nulla incidunt ducimus nam. Unde quod dicta quis incidunt sit. Rerum natus fugit doloribus debitis laboriosam omnis. Exercitationem pariatur vero saepe dolor.', '1988-12-29 15:45:55');




INSERT INTO `media` (`id`, `media_type_id`, `user_id`, `body`, `filename`, `size`, `metadata`, `created_at`, `updated_at`) VALUES ('1', '1', '1', 'Labore ea voluptatem veniam eos eum illo aperiam iste. Alias necessitatibus rerum ut aut eum et omnis. Et eos eligendi numquam commodi illum. Occaecati ullam quis cupiditate in.', 'ipsam', 0, NULL, '1970-12-17 12:17:57', '1999-09-08 19:06:13');
INSERT INTO `media` (`id`, `media_type_id`, `user_id`, `body`, `filename`, `size`, `metadata`, `created_at`, `updated_at`) VALUES ('2', '2', '2', 'Fugiat cupiditate voluptates iste quisquam veniam voluptatem. Quas aut eveniet distinctio est consequatur velit. Non nam maxime officiis autem harum reprehenderit perspiciatis.', 'magnam', 16617454, NULL, '2012-01-19 03:07:51', '2007-09-19 23:17:56');
INSERT INTO `media` (`id`, `media_type_id`, `user_id`, `body`, `filename`, `size`, `metadata`, `created_at`, `updated_at`) VALUES ('3', '3', '3', 'Dolorem et pariatur unde ut. Soluta et id praesentium perspiciatis velit impedit. Culpa quibusdam esse et provident dolor.', 'quos', 598194468, NULL, '1983-01-01 14:59:53', '2013-03-16 12:40:30');
INSERT INTO `media` (`id`, `media_type_id`, `user_id`, `body`, `filename`, `size`, `metadata`, `created_at`, `updated_at`) VALUES ('4', '4', '4', 'Labore et provident inventore fugit soluta. Fugit ipsa aliquam eveniet sint et nulla. Beatae nisi natus sed et illo. Aliquam voluptatem eveniet fugiat eligendi praesentium facere.', 'cum', 988, NULL, '1998-06-25 16:31:43', '2000-02-24 17:00:06');
INSERT INTO `media` (`id`, `media_type_id`, `user_id`, `body`, `filename`, `size`, `metadata`, `created_at`, `updated_at`) VALUES ('5', '5', '5', 'Est quis culpa numquam impedit. Laboriosam enim delectus dolores est. Dolore ipsa neque est cupiditate reprehenderit aut. Recusandae et vel quo eligendi necessitatibus.', 'nihil', 719, NULL, '1995-06-12 18:37:36', '1973-06-14 02:08:04');
INSERT INTO `media` (`id`, `media_type_id`, `user_id`, `body`, `filename`, `size`, `metadata`, `created_at`, `updated_at`) VALUES ('6', '6', '6', 'Nulla blanditiis et id. Natus et possimus consectetur repellendus ut. Repellendus aut earum quis dicta nobis quia. Optio voluptatem non velit cumque dolor nostrum ea. Quo culpa reiciendis beatae autem praesentium et deserunt.', 'in', 294, NULL, '2008-08-25 06:18:16', '2008-03-02 19:52:26');
INSERT INTO `media` (`id`, `media_type_id`, `user_id`, `body`, `filename`, `size`, `metadata`, `created_at`, `updated_at`) VALUES ('7', '7', '7', 'Dolorum deleniti odio consequatur quasi eum veniam sit. Veniam omnis sint quia accusamus. Facere quo consequuntur alias rerum sunt eaque. Sint autem praesentium enim sequi explicabo necessitatibus quam.', 'eos', 8521, NULL, '2017-04-29 22:25:35', '1979-02-09 17:59:33');
INSERT INTO `media` (`id`, `media_type_id`, `user_id`, `body`, `filename`, `size`, `metadata`, `created_at`, `updated_at`) VALUES ('8', '8', '8', 'At maxime dignissimos suscipit accusantium est omnis. Eum aliquam facere iusto animi ea unde. Omnis rerum temporibus doloribus doloremque sint est. Facere ut pariatur eveniet consequatur enim.', 'consequatur', 45, NULL, '2010-08-14 06:26:16', '1997-01-25 12:13:47');
INSERT INTO `media` (`id`, `media_type_id`, `user_id`, `body`, `filename`, `size`, `metadata`, `created_at`, `updated_at`) VALUES ('9', '9', '9', 'Omnis veniam qui occaecati vel veritatis alias aut. Quia aut omnis ullam est. Aliquid consequuntur asperiores quo dolore. Et consequuntur reiciendis ab.', 'illo', 740310, NULL, '2017-08-11 21:01:26', '1970-06-30 18:19:03');
INSERT INTO `media` (`id`, `media_type_id`, `user_id`, `body`, `filename`, `size`, `metadata`, `created_at`, `updated_at`) VALUES ('10', '10', '10', 'Enim sit ipsa rem corrupti. Laborum eum ullam repellat vero nemo laudantium. Modi modi ea recusandae similique sapiente veniam.', 'vero', 77, NULL, '2009-02-21 13:46:41', '1989-12-28 08:01:04');
INSERT INTO `media` (`id`, `media_type_id`, `user_id`, `body`, `filename`, `size`, `metadata`, `created_at`, `updated_at`) VALUES ('11', '11', '11', 'Exercitationem et ducimus repellat voluptas autem corrupti voluptas et. Reprehenderit enim ducimus eum. Quia nulla eligendi velit quis quis omnis nihil. Et facilis quia aliquam maiores consequatur nesciunt similique.', 'quis', 77, NULL, '1987-06-01 19:35:44', '1970-05-15 16:34:30');
INSERT INTO `media` (`id`, `media_type_id`, `user_id`, `body`, `filename`, `size`, `metadata`, `created_at`, `updated_at`) VALUES ('12', '12', '12', 'Et nihil quis magni odit optio. Eos perspiciatis et fuga quibusdam a qui. Eum odio et suscipit.', 'temporibus', 67, NULL, '1998-11-14 14:30:26', '2003-06-07 08:35:42');
INSERT INTO `media` (`id`, `media_type_id`, `user_id`, `body`, `filename`, `size`, `metadata`, `created_at`, `updated_at`) VALUES ('13', '13', '13', 'Voluptas impedit aspernatur perspiciatis aspernatur. Quos nam dolores eum aut. Facere molestias corrupti distinctio ipsam et non.', 'officia', 4173, NULL, '1982-07-28 15:31:06', '2016-01-09 04:25:58');
INSERT INTO `media` (`id`, `media_type_id`, `user_id`, `body`, `filename`, `size`, `metadata`, `created_at`, `updated_at`) VALUES ('14', '14', '14', 'Maiores vel soluta odio sunt omnis. Qui cupiditate magni aut. Iusto eveniet dolor quisquam soluta ratione cumque.', 'officia', 0, NULL, '1994-07-05 03:40:41', '1983-08-11 05:14:29');
INSERT INTO `media` (`id`, `media_type_id`, `user_id`, `body`, `filename`, `size`, `metadata`, `created_at`, `updated_at`) VALUES ('15', '15', '15', 'Voluptatem suscipit alias velit blanditiis. Et repellat perspiciatis voluptas dolor sit est sed. Accusamus exercitationem in et sunt magnam.', 'et', 478, NULL, '2002-01-01 15:13:30', '1975-05-18 23:32:39');
INSERT INTO `media` (`id`, `media_type_id`, `user_id`, `body`, `filename`, `size`, `metadata`, `created_at`, `updated_at`) VALUES ('16', '16', '16', 'Consectetur commodi est aperiam temporibus praesentium. Fugit explicabo sunt voluptate velit suscipit magnam. Soluta nesciunt amet et minima. Suscipit assumenda eos unde ut eaque rem ullam.', 'sint', 1, NULL, '1977-03-20 20:51:24', '1983-04-09 07:50:54');
INSERT INTO `media` (`id`, `media_type_id`, `user_id`, `body`, `filename`, `size`, `metadata`, `created_at`, `updated_at`) VALUES ('17', '17', '17', 'Debitis quam possimus sint omnis nostrum numquam nisi. Ex ut aspernatur illo neque perferendis. Non voluptate et velit ullam molestiae dolor. Qui debitis sunt cumque et qui culpa reprehenderit.', 'eum', 572352, NULL, '1978-01-12 20:29:50', '1987-05-13 22:17:26');
INSERT INTO `media` (`id`, `media_type_id`, `user_id`, `body`, `filename`, `size`, `metadata`, `created_at`, `updated_at`) VALUES ('18', '18', '18', 'Non voluptate temporibus nisi aperiam officiis officiis. Quod rerum quisquam tempora repellendus sunt. Voluptates consequatur reiciendis molestias iusto voluptatibus. Distinctio nam magnam vel porro.', 'temporibus', 63253214, NULL, '1983-10-11 06:51:00', '1993-07-09 02:34:58');
INSERT INTO `media` (`id`, `media_type_id`, `user_id`, `body`, `filename`, `size`, `metadata`, `created_at`, `updated_at`) VALUES ('19', '19', '19', 'Sunt quidem optio minus cupiditate praesentium quia repellendus. Voluptatem qui quis nemo quisquam omnis quaerat. Beatae blanditiis harum qui necessitatibus dolore. Eius dolores minima eligendi.', 'dolores', 81, NULL, '2004-11-11 11:42:27', '1997-08-17 22:44:06');
INSERT INTO `media` (`id`, `media_type_id`, `user_id`, `body`, `filename`, `size`, `metadata`, `created_at`, `updated_at`) VALUES ('20', '20', '20', 'Consequuntur deserunt laborum est omnis voluptatem. Blanditiis saepe neque voluptatem a. Voluptates fugiat veniam corrupti quis in. Vel qui et non autem.', 'non', 0, NULL, '1970-04-30 08:38:31', '2013-08-17 11:38:07');
INSERT INTO `media` (`id`, `media_type_id`, `user_id`, `body`, `filename`, `size`, `metadata`, `created_at`, `updated_at`) VALUES ('21', '21', '21', 'Est tempora ad aut consequatur. Excepturi error eaque nihil qui nemo. Earum quod quis officiis non.', 'ut', 3962248, NULL, '2000-05-20 18:45:56', '1977-07-12 05:10:24');
INSERT INTO `media` (`id`, `media_type_id`, `user_id`, `body`, `filename`, `size`, `metadata`, `created_at`, `updated_at`) VALUES ('22', '22', '22', 'Dignissimos deleniti est quia praesentium unde autem ea. Voluptas minus deleniti cumque tenetur molestiae voluptatem. Maxime omnis consequatur aut fugiat sint aliquam. Doloremque repudiandae consequatur sint.', 'illum', 297, NULL, '2004-05-04 06:31:35', '1972-01-15 06:30:38');
INSERT INTO `media` (`id`, `media_type_id`, `user_id`, `body`, `filename`, `size`, `metadata`, `created_at`, `updated_at`) VALUES ('23', '23', '23', 'Necessitatibus minus cum dolorem nisi accusantium et. Explicabo voluptate iusto impedit autem eveniet accusamus. Ea iusto mollitia doloremque sed atque neque aut.', 'ex', 5855339, NULL, '1995-01-18 06:04:54', '1970-04-29 05:31:10');
INSERT INTO `media` (`id`, `media_type_id`, `user_id`, `body`, `filename`, `size`, `metadata`, `created_at`, `updated_at`) VALUES ('24', '24', '24', 'Omnis nisi placeat molestias neque est et omnis. Illum corrupti et qui illum. Sapiente voluptatem qui accusamus fugiat enim dolores. Illo enim pariatur aut quasi esse et dicta.', 'voluptas', 7, NULL, '2019-01-29 07:12:41', '1984-07-28 01:46:24');
INSERT INTO `media` (`id`, `media_type_id`, `user_id`, `body`, `filename`, `size`, `metadata`, `created_at`, `updated_at`) VALUES ('25', '25', '25', 'A nihil quasi unde neque. Placeat adipisci voluptas et similique commodi. Inventore incidunt asperiores aut sunt exercitationem voluptatem ut pariatur. Ducimus consectetur iste accusantium porro dolores voluptatem.', 'eos', 432, NULL, '1985-08-16 17:41:23', '1987-01-11 20:31:41');
INSERT INTO `media` (`id`, `media_type_id`, `user_id`, `body`, `filename`, `size`, `metadata`, `created_at`, `updated_at`) VALUES ('26', '26', '26', 'Dolor facilis natus quasi corrupti consectetur possimus. Ea ut quam est non assumenda ipsa aut quisquam. Consequatur alias velit earum eos velit.', 'recusandae', 3767, NULL, '1998-06-04 01:44:18', '1994-02-24 19:33:03');
INSERT INTO `media` (`id`, `media_type_id`, `user_id`, `body`, `filename`, `size`, `metadata`, `created_at`, `updated_at`) VALUES ('27', '27', '27', 'Occaecati officia esse magnam voluptas. Tenetur vitae doloribus voluptates vitae. Doloremque non sit reiciendis quod neque.', 'debitis', 7374, NULL, '2019-08-17 13:37:53', '1989-12-22 05:39:47');
INSERT INTO `media` (`id`, `media_type_id`, `user_id`, `body`, `filename`, `size`, `metadata`, `created_at`, `updated_at`) VALUES ('28', '28', '28', 'Dolore nobis modi rerum voluptas aut ut voluptatem. Laborum qui saepe distinctio occaecati vel vel officia. Dolor qui molestias omnis autem. Alias dolores et in et reiciendis eveniet placeat.', 'veniam', 89, NULL, '1997-06-27 19:21:32', '2004-03-16 15:53:48');
INSERT INTO `media` (`id`, `media_type_id`, `user_id`, `body`, `filename`, `size`, `metadata`, `created_at`, `updated_at`) VALUES ('29', '29', '29', 'Id perferendis mollitia fuga voluptatem et vel et. In dolor temporibus velit architecto adipisci saepe architecto. Veritatis qui tempora sed esse tempora soluta. Atque accusamus saepe non qui tenetur.', 'voluptatum', 512471530, NULL, '1988-02-16 02:15:15', '1986-11-18 10:04:24');
INSERT INTO `media` (`id`, `media_type_id`, `user_id`, `body`, `filename`, `size`, `metadata`, `created_at`, `updated_at`) VALUES ('30', '30', '30', 'Est non molestiae quia. Consequatur suscipit vero aspernatur eligendi laborum non.', 'voluptatum', 0, NULL, '1984-12-06 05:41:54', '2010-08-16 16:52:08');
INSERT INTO `media` (`id`, `media_type_id`, `user_id`, `body`, `filename`, `size`, `metadata`, `created_at`, `updated_at`) VALUES ('31', '31', '31', 'Sint quasi aut eligendi autem illum eos laborum. Officia a voluptatem labore repellat aliquid aliquid. Molestiae ut sit porro. Id est eveniet error alias enim.', 'et', 19008, NULL, '2002-05-31 02:25:21', '1973-05-12 07:06:33');
INSERT INTO `media` (`id`, `media_type_id`, `user_id`, `body`, `filename`, `size`, `metadata`, `created_at`, `updated_at`) VALUES ('32', '32', '32', 'Fuga ullam quas odit occaecati sit. Dicta doloremque qui asperiores saepe. Iusto consectetur voluptatem culpa deserunt molestiae et ipsum. Id qui sapiente repellendus consequatur rerum eveniet.', 'culpa', 5788097, NULL, '1978-08-28 17:14:09', '2019-12-01 10:58:03');
INSERT INTO `media` (`id`, `media_type_id`, `user_id`, `body`, `filename`, `size`, `metadata`, `created_at`, `updated_at`) VALUES ('33', '33', '33', 'Porro assumenda dolore mollitia. Aliquam eius ut dolor. Id aut molestiae iure.', 'perferendis', 41027821, NULL, '2006-12-22 15:45:45', '2000-03-23 20:45:25');
INSERT INTO `media` (`id`, `media_type_id`, `user_id`, `body`, `filename`, `size`, `metadata`, `created_at`, `updated_at`) VALUES ('34', '34', '34', 'Tempore dolorum vitae esse ut a consequatur. Eligendi omnis iure sed aut natus.', 'et', 92146469, NULL, '1989-09-01 04:22:57', '2007-10-27 09:08:52');
INSERT INTO `media` (`id`, `media_type_id`, `user_id`, `body`, `filename`, `size`, `metadata`, `created_at`, `updated_at`) VALUES ('35', '35', '35', 'Harum voluptate est neque inventore et. A similique sit quibusdam et qui doloribus. Rerum culpa non eum qui facere sunt facere. Et totam cum similique dignissimos fugit molestiae.', 'nihil', 0, NULL, '1985-03-10 16:27:07', '2014-01-05 21:40:59');
INSERT INTO `media` (`id`, `media_type_id`, `user_id`, `body`, `filename`, `size`, `metadata`, `created_at`, `updated_at`) VALUES ('36', '36', '36', 'Sed dolor dignissimos reprehenderit fuga quam. Tempora repudiandae aliquam ut. Ut voluptas corrupti recusandae sunt corporis expedita. Unde culpa temporibus est temporibus.', 'ut', 16, NULL, '1997-09-28 08:31:10', '1991-01-21 12:16:06');
INSERT INTO `media` (`id`, `media_type_id`, `user_id`, `body`, `filename`, `size`, `metadata`, `created_at`, `updated_at`) VALUES ('37', '37', '37', 'In facere beatae ab animi in omnis ex. Enim unde quia suscipit eos. Velit alias molestiae sit ad nesciunt at delectus praesentium.', 'rerum', 60842, NULL, '1981-05-24 14:43:06', '2004-09-07 22:16:24');
INSERT INTO `media` (`id`, `media_type_id`, `user_id`, `body`, `filename`, `size`, `metadata`, `created_at`, `updated_at`) VALUES ('38', '38', '38', 'Illum est eos dolor aut perferendis doloremque. Autem consequatur consequatur quia voluptatem ut recusandae commodi. Ratione id a omnis voluptatum.', 'voluptas', 95274, NULL, '2011-11-18 03:45:37', '1997-10-25 01:54:43');
INSERT INTO `media` (`id`, `media_type_id`, `user_id`, `body`, `filename`, `size`, `metadata`, `created_at`, `updated_at`) VALUES ('39', '39', '39', 'Dignissimos voluptatem deleniti et consequatur est magnam sint ab. Doloribus non quia blanditiis veritatis.', 'labore', 88272, NULL, '1979-10-11 18:26:16', '2001-03-30 03:35:07');
INSERT INTO `media` (`id`, `media_type_id`, `user_id`, `body`, `filename`, `size`, `metadata`, `created_at`, `updated_at`) VALUES ('40', '40', '40', 'Dolorum voluptatibus est dolores ut veritatis cupiditate voluptatem. Sed pariatur quia et.', 'eos', 8305090, NULL, '1981-10-21 00:15:08', '1978-07-27 19:43:47');
INSERT INTO `media` (`id`, `media_type_id`, `user_id`, `body`, `filename`, `size`, `metadata`, `created_at`, `updated_at`) VALUES ('41', '41', '41', 'Est accusamus dolor magni doloremque. Est voluptatem laudantium et et amet tempore inventore. Minima suscipit odit qui iure.', 'velit', 4, NULL, '1993-04-21 05:47:10', '2007-10-14 07:33:33');
INSERT INTO `media` (`id`, `media_type_id`, `user_id`, `body`, `filename`, `size`, `metadata`, `created_at`, `updated_at`) VALUES ('42', '42', '42', 'In dicta placeat est quibusdam. Dolorem doloremque non et eveniet ea rem modi. Dolor rerum dolorem labore aut autem. Voluptatibus consequuntur iste deleniti sed eaque quia nam. Vero reprehenderit modi blanditiis laborum quisquam sed illo.', 'quod', 28, NULL, '1997-05-31 05:51:49', '1987-09-12 04:21:35');
INSERT INTO `media` (`id`, `media_type_id`, `user_id`, `body`, `filename`, `size`, `metadata`, `created_at`, `updated_at`) VALUES ('43', '43', '43', 'Nemo ipsam impedit dolor dolor eos. Consequuntur qui modi voluptatem quia veniam.', 'qui', 20, NULL, '1987-10-31 20:36:31', '1989-12-04 03:06:56');
INSERT INTO `media` (`id`, `media_type_id`, `user_id`, `body`, `filename`, `size`, `metadata`, `created_at`, `updated_at`) VALUES ('44', '44', '44', 'Voluptatem culpa minus est sunt molestias odio ut. Officiis qui dolorem beatae nemo et repellendus autem. Necessitatibus enim accusamus perspiciatis quibusdam.', 'aut', 66, NULL, '1992-05-20 18:50:01', '2019-09-03 23:53:53');
INSERT INTO `media` (`id`, `media_type_id`, `user_id`, `body`, `filename`, `size`, `metadata`, `created_at`, `updated_at`) VALUES ('45', '45', '45', 'Corporis tenetur eaque excepturi. Sapiente doloremque aliquid sapiente quaerat recusandae qui distinctio. Possimus magnam qui quia consequatur. Neque nihil neque laudantium nesciunt.', 'et', 38430056, NULL, '2010-08-02 02:29:44', '2007-09-28 22:58:33');
INSERT INTO `media` (`id`, `media_type_id`, `user_id`, `body`, `filename`, `size`, `metadata`, `created_at`, `updated_at`) VALUES ('46', '46', '46', 'In eligendi maiores asperiores accusamus occaecati deserunt. Eum harum in omnis ad facilis. Error porro blanditiis ea beatae sapiente. Rerum quam asperiores nemo voluptates.', 'excepturi', 7, NULL, '1993-05-01 18:56:53', '2003-07-07 22:49:15');
INSERT INTO `media` (`id`, `media_type_id`, `user_id`, `body`, `filename`, `size`, `metadata`, `created_at`, `updated_at`) VALUES ('47', '47', '47', 'Sequi corrupti aperiam aliquam totam cumque unde quaerat. Vel voluptatibus voluptatem odit suscipit saepe. Voluptatem aut vel sit unde debitis quis.', 'omnis', 88532199, NULL, '2016-11-07 14:29:29', '2002-05-17 05:01:55');
INSERT INTO `media` (`id`, `media_type_id`, `user_id`, `body`, `filename`, `size`, `metadata`, `created_at`, `updated_at`) VALUES ('48', '48', '48', 'Incidunt voluptatibus sed provident ut cumque dolores. Ratione placeat iste autem vel dolorem dolores. Eum veniam et sunt rerum.', 'et', 7321, NULL, '1970-12-20 08:16:38', '2006-08-17 13:22:27');
INSERT INTO `media` (`id`, `media_type_id`, `user_id`, `body`, `filename`, `size`, `metadata`, `created_at`, `updated_at`) VALUES ('49', '49', '49', 'Libero nam corrupti accusamus est voluptatem quasi. Ab rerum impedit cupiditate omnis quia. Quam quod id porro dolor voluptates est. Dolore ea commodi eligendi qui in totam.', 'voluptas', 538205, NULL, '2014-02-07 07:00:11', '1976-06-23 16:30:53');
INSERT INTO `media` (`id`, `media_type_id`, `user_id`, `body`, `filename`, `size`, `metadata`, `created_at`, `updated_at`) VALUES ('50', '50', '50', 'Necessitatibus et sit ullam distinctio et vel voluptas. Velit cumque veritatis quod minima est ipsa assumenda. Vel non et in aliquid dolore.', 'et', 60492, NULL, '2014-07-13 01:40:52', '1987-10-08 05:41:07');
INSERT INTO `media` (`id`, `media_type_id`, `user_id`, `body`, `filename`, `size`, `metadata`, `created_at`, `updated_at`) VALUES ('51', '51', '51', 'Eligendi distinctio ut at alias assumenda. Blanditiis esse fugiat in voluptatem et eligendi. Excepturi et non dolores perspiciatis.', 'culpa', 658724219, NULL, '1975-05-10 00:46:52', '1999-04-14 03:23:38');
INSERT INTO `media` (`id`, `media_type_id`, `user_id`, `body`, `filename`, `size`, `metadata`, `created_at`, `updated_at`) VALUES ('52', '52', '52', 'Expedita a quam modi assumenda mollitia. Ex laborum eaque eligendi eveniet assumenda qui. Quo consectetur consectetur autem laudantium molestias dolor amet vel. Earum eum repellat fugit minima ut consequuntur.', 'quae', 23, NULL, '2008-04-29 15:42:58', '1984-02-16 00:26:32');
INSERT INTO `media` (`id`, `media_type_id`, `user_id`, `body`, `filename`, `size`, `metadata`, `created_at`, `updated_at`) VALUES ('53', '53', '53', 'Placeat distinctio optio nobis beatae debitis. Numquam sit repudiandae est et eligendi praesentium. Laudantium voluptas omnis sint. Non nemo inventore et sit. Numquam ex ipsum suscipit voluptate.', 'temporibus', 7770119, NULL, '2008-07-04 13:09:03', '1977-09-06 04:17:23');
INSERT INTO `media` (`id`, `media_type_id`, `user_id`, `body`, `filename`, `size`, `metadata`, `created_at`, `updated_at`) VALUES ('54', '54', '54', 'Aut voluptates qui error amet a. Eum hic non nesciunt laudantium fugiat impedit. Consequatur odit consequatur et qui possimus id sint. Ratione minus cupiditate eius rerum molestias repellendus molestiae voluptas. Et aut aut alias eos eligendi officiis iure.', 'id', 0, NULL, '2018-01-12 11:54:43', '1982-01-04 07:33:03');
INSERT INTO `media` (`id`, `media_type_id`, `user_id`, `body`, `filename`, `size`, `metadata`, `created_at`, `updated_at`) VALUES ('55', '55', '55', 'Qui nobis dicta ipsam. Commodi impedit ut qui quae omnis rerum voluptatem.', 'ut', 2, NULL, '1977-09-19 19:01:22', '1988-08-24 01:43:40');
INSERT INTO `media` (`id`, `media_type_id`, `user_id`, `body`, `filename`, `size`, `metadata`, `created_at`, `updated_at`) VALUES ('56', '56', '56', 'Sequi aut eos cupiditate aliquid omnis quam. Voluptates corporis quidem laboriosam et omnis. Eligendi autem et cumque.', 'ut', 933607992, NULL, '2017-07-10 20:18:10', '1994-01-06 01:49:13');
INSERT INTO `media` (`id`, `media_type_id`, `user_id`, `body`, `filename`, `size`, `metadata`, `created_at`, `updated_at`) VALUES ('57', '57', '57', 'Ut sit et officia aspernatur. Perspiciatis debitis odio dolore et culpa dolorem. Consequatur soluta similique repellat sed. Velit consectetur quo sunt vero possimus molestias.', 'est', 91941, NULL, '2018-08-19 10:26:45', '1971-11-24 21:50:04');
INSERT INTO `media` (`id`, `media_type_id`, `user_id`, `body`, `filename`, `size`, `metadata`, `created_at`, `updated_at`) VALUES ('58', '58', '58', 'Ipsam sint omnis earum qui beatae consectetur. Aliquam fugit esse explicabo dolorem debitis rerum quam. Corrupti sint omnis sunt neque sunt.', 'magnam', 0, NULL, '1971-06-21 09:58:05', '1999-09-12 17:54:03');
INSERT INTO `media` (`id`, `media_type_id`, `user_id`, `body`, `filename`, `size`, `metadata`, `created_at`, `updated_at`) VALUES ('59', '59', '59', 'Voluptas illum unde rerum tempora. Aut vel cum tenetur quo. Iusto ullam quidem sint reprehenderit assumenda culpa ullam. Autem saepe et sint a dolores molestias.', 'ut', 26, NULL, '2019-11-25 02:59:45', '1997-01-16 06:47:54');
INSERT INTO `media` (`id`, `media_type_id`, `user_id`, `body`, `filename`, `size`, `metadata`, `created_at`, `updated_at`) VALUES ('60', '60', '60', 'Eum pariatur dolorum aspernatur velit sit. Animi exercitationem tempore voluptatibus saepe suscipit ab. Doloribus quis sapiente repellat aut vel. Hic facere incidunt magni hic cupiditate voluptatibus dolore.', 'facere', 34884, NULL, '2015-06-24 22:08:08', '1990-02-02 07:12:16');
INSERT INTO `media` (`id`, `media_type_id`, `user_id`, `body`, `filename`, `size`, `metadata`, `created_at`, `updated_at`) VALUES ('61', '61', '61', 'Voluptas quibusdam explicabo aut magni est. Eveniet natus totam facere magnam. Sit et adipisci tempore nostrum quos accusamus. Sed in laborum voluptas. Rem vel enim dicta maiores.', 'repellat', 62, NULL, '2009-10-12 09:08:52', '2003-06-19 23:45:46');
INSERT INTO `media` (`id`, `media_type_id`, `user_id`, `body`, `filename`, `size`, `metadata`, `created_at`, `updated_at`) VALUES ('62', '62', '62', 'Accusamus suscipit accusamus voluptatem. Eligendi debitis perspiciatis facilis vitae. Animi cumque quis libero dicta omnis deleniti odit temporibus. Ipsa culpa tempore soluta est non omnis quam.', 'sequi', 0, NULL, '1980-09-23 23:18:16', '2007-07-26 16:23:44');
INSERT INTO `media` (`id`, `media_type_id`, `user_id`, `body`, `filename`, `size`, `metadata`, `created_at`, `updated_at`) VALUES ('63', '63', '63', 'Voluptas dolores maiores illo quia. Voluptatibus laudantium repudiandae delectus aperiam.', 'aliquam', 55682620, NULL, '1993-09-04 02:02:35', '1972-02-29 08:43:03');
INSERT INTO `media` (`id`, `media_type_id`, `user_id`, `body`, `filename`, `size`, `metadata`, `created_at`, `updated_at`) VALUES ('64', '64', '64', 'Voluptatem labore eveniet provident eius. Eaque et temporibus incidunt at sit. Minima reiciendis voluptatem quaerat est molestias. Rerum dicta omnis sit.', 'enim', 8110936, NULL, '1983-08-21 09:44:59', '2003-02-06 13:50:01');
INSERT INTO `media` (`id`, `media_type_id`, `user_id`, `body`, `filename`, `size`, `metadata`, `created_at`, `updated_at`) VALUES ('65', '65', '65', 'Id rem distinctio nemo laudantium. Id molestiae provident sunt voluptates autem. Dolores ut enim dignissimos ut ex.', 'est', 12877037, NULL, '1984-12-09 05:02:17', '1974-11-29 15:35:35');
INSERT INTO `media` (`id`, `media_type_id`, `user_id`, `body`, `filename`, `size`, `metadata`, `created_at`, `updated_at`) VALUES ('66', '66', '66', 'Ducimus id rem fuga dolorem aut. Non voluptatem dolores a soluta commodi minima sint. Vel illum voluptatum nulla velit.', 'neque', 8835, NULL, '1993-08-13 22:59:30', '1986-10-22 09:30:20');
INSERT INTO `media` (`id`, `media_type_id`, `user_id`, `body`, `filename`, `size`, `metadata`, `created_at`, `updated_at`) VALUES ('67', '67', '67', 'Est aliquam dolores odio laudantium vel nemo qui iste. Autem voluptates porro quia vel assumenda ipsum. Consectetur vitae ipsam quidem quo vel voluptatem.', 'non', 57836120, NULL, '2000-09-06 00:03:54', '1992-07-21 01:41:40');
INSERT INTO `media` (`id`, `media_type_id`, `user_id`, `body`, `filename`, `size`, `metadata`, `created_at`, `updated_at`) VALUES ('68', '68', '68', 'Nam ut nesciunt ipsum dolor consequatur quibusdam. Nisi suscipit dolorem ratione iusto in debitis. Molestias veritatis ad saepe facere qui. Soluta dolor commodi exercitationem ipsam earum eveniet eos ratione. Impedit dolores aspernatur aut minus omnis.', 'modi', 8, NULL, '2016-09-16 09:27:56', '1974-11-24 12:46:10');
INSERT INTO `media` (`id`, `media_type_id`, `user_id`, `body`, `filename`, `size`, `metadata`, `created_at`, `updated_at`) VALUES ('69', '69', '69', 'Omnis quod et et est optio quasi officia. Quos placeat adipisci asperiores debitis quibusdam. Officiis fugiat magni mollitia distinctio cumque optio ipsum. Quia vel tenetur voluptatem et repellendus ut.', 'culpa', 384863, NULL, '1972-04-29 08:56:29', '2019-11-20 19:41:41');
INSERT INTO `media` (`id`, `media_type_id`, `user_id`, `body`, `filename`, `size`, `metadata`, `created_at`, `updated_at`) VALUES ('70', '70', '70', 'Fuga consequatur enim cumque delectus. Et debitis itaque est sed rerum omnis autem. Id dignissimos consequuntur qui blanditiis iste quis unde molestiae. Aliquid doloribus quis nesciunt ipsam expedita sit qui.', 'excepturi', 2543786, NULL, '1983-11-02 22:55:02', '1999-04-15 03:38:13');
INSERT INTO `media` (`id`, `media_type_id`, `user_id`, `body`, `filename`, `size`, `metadata`, `created_at`, `updated_at`) VALUES ('71', '71', '71', 'Aliquid sit sunt dolor vel sed. Consequatur ratione officia nobis facilis. Sint quod quos et et. Ipsam cumque ut nihil qui rerum nobis.', 'at', 611295269, NULL, '1970-05-21 01:58:00', '1998-03-24 18:39:15');
INSERT INTO `media` (`id`, `media_type_id`, `user_id`, `body`, `filename`, `size`, `metadata`, `created_at`, `updated_at`) VALUES ('72', '72', '72', 'Sunt eos illo facilis sit. Qui delectus ipsum qui sit est et.', 'non', 4, NULL, '1989-10-06 23:34:29', '1980-11-10 12:54:00');
INSERT INTO `media` (`id`, `media_type_id`, `user_id`, `body`, `filename`, `size`, `metadata`, `created_at`, `updated_at`) VALUES ('73', '73', '73', 'Voluptas dolorem recusandae natus iste explicabo. Aut minus corrupti tempora quam non non eos. Libero facere qui illo sunt dicta ut. Repellendus aut aliquid modi.', 'aliquam', 80206672, NULL, '1992-08-05 01:47:00', '2010-06-30 07:04:00');
INSERT INTO `media` (`id`, `media_type_id`, `user_id`, `body`, `filename`, `size`, `metadata`, `created_at`, `updated_at`) VALUES ('74', '74', '74', 'Fugiat rerum pariatur facere eum animi cumque. Quod fuga eos voluptatibus quas accusamus. Vel placeat labore in dolor et nesciunt nemo.', 'hic', 96056201, NULL, '2015-03-23 08:50:17', '1992-05-25 03:41:08');
INSERT INTO `media` (`id`, `media_type_id`, `user_id`, `body`, `filename`, `size`, `metadata`, `created_at`, `updated_at`) VALUES ('75', '75', '75', 'Quis qui itaque cupiditate non. Voluptate quia dolor ut id rerum et. Sunt quos corrupti aut unde labore quia architecto.', 'omnis', 523967493, NULL, '1983-09-30 02:35:15', '2006-10-03 00:28:54');
INSERT INTO `media` (`id`, `media_type_id`, `user_id`, `body`, `filename`, `size`, `metadata`, `created_at`, `updated_at`) VALUES ('76', '76', '76', 'Iure excepturi dolor est quod. Qui porro officia et officia non illum veritatis impedit. Et fugiat doloribus molestiae.', 'blanditiis', 93, NULL, '2004-09-02 02:16:14', '2004-05-21 22:07:25');
INSERT INTO `media` (`id`, `media_type_id`, `user_id`, `body`, `filename`, `size`, `metadata`, `created_at`, `updated_at`) VALUES ('77', '77', '77', 'Quibusdam soluta placeat est nemo. Laudantium id ea ut dolorem tempora quos. Nulla tenetur doloremque eum possimus fuga. Assumenda beatae tenetur veritatis asperiores.', 'illum', 8316434, NULL, '1985-07-05 06:43:10', '2008-07-23 10:27:47');
INSERT INTO `media` (`id`, `media_type_id`, `user_id`, `body`, `filename`, `size`, `metadata`, `created_at`, `updated_at`) VALUES ('78', '78', '78', 'Tenetur voluptate ad sed voluptatem tenetur veritatis dignissimos. Hic occaecati suscipit rerum architecto nam. Magnam quae debitis voluptatem neque vel at. Nulla maiores dolor dolore cumque.', 'velit', 1195, NULL, '2013-04-06 14:50:53', '1985-01-04 00:48:58');
INSERT INTO `media` (`id`, `media_type_id`, `user_id`, `body`, `filename`, `size`, `metadata`, `created_at`, `updated_at`) VALUES ('79', '79', '79', 'Non molestiae quia cum soluta. Et ducimus maiores consectetur ut non nemo repellat. Quo quis rerum fuga velit sunt.', 'ut', 12690, NULL, '1975-07-02 18:02:48', '1972-01-28 01:42:00');
INSERT INTO `media` (`id`, `media_type_id`, `user_id`, `body`, `filename`, `size`, `metadata`, `created_at`, `updated_at`) VALUES ('80', '80', '80', 'Ut et saepe qui quibusdam. Repudiandae incidunt aut in maiores voluptatem aut ratione. Tempore unde consequatur ratione quis cumque ut vel. Et eos provident et repellat.', 'minima', 0, NULL, '1992-09-19 08:07:04', '2011-11-12 00:57:39');
INSERT INTO `media` (`id`, `media_type_id`, `user_id`, `body`, `filename`, `size`, `metadata`, `created_at`, `updated_at`) VALUES ('81', '81', '81', 'Tempora sit beatae velit. Sunt facilis sunt enim exercitationem sed similique quas. Veritatis omnis laboriosam reprehenderit blanditiis.', 'sapiente', 23276, NULL, '1985-03-05 06:46:15', '1970-01-20 07:31:47');
INSERT INTO `media` (`id`, `media_type_id`, `user_id`, `body`, `filename`, `size`, `metadata`, `created_at`, `updated_at`) VALUES ('82', '82', '82', 'Rem sapiente vero laboriosam aliquam aliquid id quia. Autem ut nihil consequatur vitae. Alias sed maxime voluptatem molestias sint magni.', 'mollitia', 7, NULL, '1985-08-06 19:46:10', '1973-08-22 16:59:08');
INSERT INTO `media` (`id`, `media_type_id`, `user_id`, `body`, `filename`, `size`, `metadata`, `created_at`, `updated_at`) VALUES ('83', '83', '83', 'Nesciunt earum aperiam sed. Rerum similique facilis ratione dicta maiores in delectus.', 'in', 53, NULL, '2013-02-26 16:26:01', '1972-10-26 08:42:28');
INSERT INTO `media` (`id`, `media_type_id`, `user_id`, `body`, `filename`, `size`, `metadata`, `created_at`, `updated_at`) VALUES ('84', '84', '84', 'Omnis voluptates ad odit voluptatibus. Nobis accusantium quae ullam consectetur eius at eaque sunt. Voluptates quibusdam iste odit explicabo explicabo repellendus. Voluptatem exercitationem facere sint vel. Similique soluta numquam atque odio.', 'cupiditate', 0, NULL, '1978-12-02 03:12:41', '1997-08-23 02:22:53');
INSERT INTO `media` (`id`, `media_type_id`, `user_id`, `body`, `filename`, `size`, `metadata`, `created_at`, `updated_at`) VALUES ('85', '85', '85', 'Sit qui quaerat sit repellendus fuga ullam. Illo voluptatem voluptatem voluptatem quam ut. In nesciunt ullam consequatur laborum.', 'perspiciatis', 3, NULL, '1997-02-06 15:48:41', '2017-08-09 04:04:57');
INSERT INTO `media` (`id`, `media_type_id`, `user_id`, `body`, `filename`, `size`, `metadata`, `created_at`, `updated_at`) VALUES ('86', '86', '86', 'Quae error dolor inventore earum incidunt. Totam illo animi blanditiis laboriosam enim iure. Doloribus ipsam in quia accusantium quo doloremque impedit.', 'quos', 560923075, NULL, '1971-04-14 19:38:36', '1978-07-07 04:52:35');
INSERT INTO `media` (`id`, `media_type_id`, `user_id`, `body`, `filename`, `size`, `metadata`, `created_at`, `updated_at`) VALUES ('87', '87', '87', 'Eos fuga voluptate quo qui ipsum ratione non nisi. Qui magni consectetur cumque. Earum dolores est autem inventore sit est consequatur.', 'debitis', 97, NULL, '1971-04-15 17:53:17', '2000-02-07 12:25:34');
INSERT INTO `media` (`id`, `media_type_id`, `user_id`, `body`, `filename`, `size`, `metadata`, `created_at`, `updated_at`) VALUES ('88', '88', '88', 'Ipsum illo eligendi maxime laboriosam fuga culpa reprehenderit. Praesentium aut aut iure quia ut. Excepturi omnis non quod nam et velit.', 'quae', 85, NULL, '1995-06-29 18:59:58', '2016-03-02 21:27:18');
INSERT INTO `media` (`id`, `media_type_id`, `user_id`, `body`, `filename`, `size`, `metadata`, `created_at`, `updated_at`) VALUES ('89', '89', '89', 'Rem optio consequuntur in ut sit unde nostrum. Est autem eaque sed. Voluptas impedit aspernatur labore natus esse voluptatem.', 'esse', 0, NULL, '2005-06-07 22:51:00', '2011-12-30 05:55:03');
INSERT INTO `media` (`id`, `media_type_id`, `user_id`, `body`, `filename`, `size`, `metadata`, `created_at`, `updated_at`) VALUES ('90', '90', '90', 'Nihil consequatur ut modi earum. Veniam id iure impedit quo et. Aut quasi illo rerum et numquam dolorum laboriosam.', 'esse', 218707, NULL, '1998-08-20 12:59:06', '2011-05-12 06:40:31');
INSERT INTO `media` (`id`, `media_type_id`, `user_id`, `body`, `filename`, `size`, `metadata`, `created_at`, `updated_at`) VALUES ('91', '91', '91', 'Numquam iste sequi molestias modi modi. Ex cum quod praesentium tempora. Ex ut omnis mollitia eius vel voluptatem. Voluptas vitae perspiciatis repudiandae nobis.', 'velit', 9753047, NULL, '1989-09-05 02:34:15', '2010-10-22 14:27:06');
INSERT INTO `media` (`id`, `media_type_id`, `user_id`, `body`, `filename`, `size`, `metadata`, `created_at`, `updated_at`) VALUES ('92', '92', '92', 'Eum quia odio sunt rerum impedit. Error consequatur expedita et mollitia. At modi voluptatum qui ex consequatur. Doloribus soluta perferendis non.', 'architecto', 72724, NULL, '1979-01-14 11:48:29', '1992-02-18 01:19:51');
INSERT INTO `media` (`id`, `media_type_id`, `user_id`, `body`, `filename`, `size`, `metadata`, `created_at`, `updated_at`) VALUES ('93', '93', '93', 'Id est quo hic aspernatur ut. Nemo natus tempore quo qui. Nisi rem est cumque voluptatem iusto. Ullam corporis odio esse.', 'exercitationem', 572, NULL, '1970-11-20 20:41:43', '2008-06-19 05:27:51');
INSERT INTO `media` (`id`, `media_type_id`, `user_id`, `body`, `filename`, `size`, `metadata`, `created_at`, `updated_at`) VALUES ('94', '94', '94', 'Sunt ab sed omnis facere debitis. Voluptatum aut perspiciatis voluptas aut. Nihil voluptas culpa ullam amet qui voluptates quo.', 'voluptatem', 3209, NULL, '2019-04-09 12:55:18', '2015-10-22 11:30:27');
INSERT INTO `media` (`id`, `media_type_id`, `user_id`, `body`, `filename`, `size`, `metadata`, `created_at`, `updated_at`) VALUES ('95', '95', '95', 'Omnis debitis aspernatur nisi ut et dolorem. Voluptas nesciunt blanditiis unde minima. Qui rerum alias quae nihil in iusto atque reiciendis. Voluptas sed sed accusamus atque est ipsa quia.', 'quibusdam', 36515357, NULL, '2002-04-01 03:49:03', '2017-11-28 15:37:29');
INSERT INTO `media` (`id`, `media_type_id`, `user_id`, `body`, `filename`, `size`, `metadata`, `created_at`, `updated_at`) VALUES ('96', '96', '96', 'Voluptatem expedita officiis sapiente sit aliquid. Mollitia ut impedit pariatur similique. Nihil blanditiis itaque alias impedit. Voluptatem sit aut rerum suscipit est facere.', 'impedit', 68481, NULL, '1994-12-11 02:20:40', '1979-07-22 11:48:50');
INSERT INTO `media` (`id`, `media_type_id`, `user_id`, `body`, `filename`, `size`, `metadata`, `created_at`, `updated_at`) VALUES ('97', '97', '97', 'Est minus veritatis labore possimus ipsa quis. Sed architecto expedita explicabo blanditiis. Quis voluptates explicabo minus rerum delectus dolorem. Odit saepe possimus eos alias beatae ipsam rerum.', 'voluptas', 8034, NULL, '1974-09-21 12:41:48', '2001-08-06 10:00:18');
INSERT INTO `media` (`id`, `media_type_id`, `user_id`, `body`, `filename`, `size`, `metadata`, `created_at`, `updated_at`) VALUES ('98', '98', '98', 'Et architecto laudantium nesciunt labore. Rerum quam voluptatem ut aut. Aliquam explicabo natus asperiores.', 'neque', 14116, NULL, '2000-03-24 01:43:17', '2012-06-30 20:46:53');
INSERT INTO `media` (`id`, `media_type_id`, `user_id`, `body`, `filename`, `size`, `metadata`, `created_at`, `updated_at`) VALUES ('99', '99', '99', 'Esse unde minus alias molestiae omnis. Voluptas eos quia debitis aut eligendi cupiditate. Delectus officiis dolorem harum.', 'in', 0, NULL, '1989-09-08 12:56:14', '1970-05-09 04:56:48');
INSERT INTO `media` (`id`, `media_type_id`, `user_id`, `body`, `filename`, `size`, `metadata`, `created_at`, `updated_at`) VALUES ('100', '100', '100', 'Nostrum sint distinctio sequi alias. Velit ut quos sit minus nesciunt facilis delectus magnam. Et quia qui eum. Unde laborum veritatis quam at vitae iure.', 'in', 136022106, NULL, '2004-07-12 06:38:25', '1978-01-26 14:54:50');



INSERT INTO `photo_albums` (`id`, `name`, `user_id`) VALUES ('1', 'et', '1');
INSERT INTO `photo_albums` (`id`, `name`, `user_id`) VALUES ('2', 'reprehenderit', '2');
INSERT INTO `photo_albums` (`id`, `name`, `user_id`) VALUES ('3', 'temporibus', '3');
INSERT INTO `photo_albums` (`id`, `name`, `user_id`) VALUES ('4', 'omnis', '4');
INSERT INTO `photo_albums` (`id`, `name`, `user_id`) VALUES ('5', 'possimus', '5');
INSERT INTO `photo_albums` (`id`, `name`, `user_id`) VALUES ('6', 'dolor', '6');
INSERT INTO `photo_albums` (`id`, `name`, `user_id`) VALUES ('7', 'nihil', '7');
INSERT INTO `photo_albums` (`id`, `name`, `user_id`) VALUES ('8', 'maiores', '8');
INSERT INTO `photo_albums` (`id`, `name`, `user_id`) VALUES ('9', 'officiis', '9');
INSERT INTO `photo_albums` (`id`, `name`, `user_id`) VALUES ('10', 'quod', '10');
INSERT INTO `photo_albums` (`id`, `name`, `user_id`) VALUES ('11', 'voluptate', '11');
INSERT INTO `photo_albums` (`id`, `name`, `user_id`) VALUES ('12', 'in', '12');
INSERT INTO `photo_albums` (`id`, `name`, `user_id`) VALUES ('13', 'autem', '13');
INSERT INTO `photo_albums` (`id`, `name`, `user_id`) VALUES ('14', 'officiis', '14');
INSERT INTO `photo_albums` (`id`, `name`, `user_id`) VALUES ('15', 'corporis', '15');
INSERT INTO `photo_albums` (`id`, `name`, `user_id`) VALUES ('16', 'suscipit', '16');
INSERT INTO `photo_albums` (`id`, `name`, `user_id`) VALUES ('17', 'optio', '17');
INSERT INTO `photo_albums` (`id`, `name`, `user_id`) VALUES ('18', 'at', '18');
INSERT INTO `photo_albums` (`id`, `name`, `user_id`) VALUES ('19', 'molestiae', '19');
INSERT INTO `photo_albums` (`id`, `name`, `user_id`) VALUES ('20', 'inventore', '20');
INSERT INTO `photo_albums` (`id`, `name`, `user_id`) VALUES ('21', 'quo', '21');
INSERT INTO `photo_albums` (`id`, `name`, `user_id`) VALUES ('22', 'aut', '22');
INSERT INTO `photo_albums` (`id`, `name`, `user_id`) VALUES ('23', 'voluptatum', '23');
INSERT INTO `photo_albums` (`id`, `name`, `user_id`) VALUES ('24', 'velit', '24');
INSERT INTO `photo_albums` (`id`, `name`, `user_id`) VALUES ('25', 'qui', '25');
INSERT INTO `photo_albums` (`id`, `name`, `user_id`) VALUES ('26', 'et', '26');
INSERT INTO `photo_albums` (`id`, `name`, `user_id`) VALUES ('27', 'ipsum', '27');
INSERT INTO `photo_albums` (`id`, `name`, `user_id`) VALUES ('28', 'inventore', '28');
INSERT INTO `photo_albums` (`id`, `name`, `user_id`) VALUES ('29', 'eum', '29');
INSERT INTO `photo_albums` (`id`, `name`, `user_id`) VALUES ('30', 'et', '30');
INSERT INTO `photo_albums` (`id`, `name`, `user_id`) VALUES ('31', 'est', '31');
INSERT INTO `photo_albums` (`id`, `name`, `user_id`) VALUES ('32', 'nostrum', '32');
INSERT INTO `photo_albums` (`id`, `name`, `user_id`) VALUES ('33', 'quia', '33');
INSERT INTO `photo_albums` (`id`, `name`, `user_id`) VALUES ('34', 'officiis', '34');
INSERT INTO `photo_albums` (`id`, `name`, `user_id`) VALUES ('35', 'sit', '35');
INSERT INTO `photo_albums` (`id`, `name`, `user_id`) VALUES ('36', 'laborum', '36');
INSERT INTO `photo_albums` (`id`, `name`, `user_id`) VALUES ('37', 'autem', '37');
INSERT INTO `photo_albums` (`id`, `name`, `user_id`) VALUES ('38', 'non', '38');
INSERT INTO `photo_albums` (`id`, `name`, `user_id`) VALUES ('39', 'rem', '39');
INSERT INTO `photo_albums` (`id`, `name`, `user_id`) VALUES ('40', 'quia', '40');
INSERT INTO `photo_albums` (`id`, `name`, `user_id`) VALUES ('41', 'culpa', '41');
INSERT INTO `photo_albums` (`id`, `name`, `user_id`) VALUES ('42', 'sed', '42');
INSERT INTO `photo_albums` (`id`, `name`, `user_id`) VALUES ('43', 'nisi', '43');
INSERT INTO `photo_albums` (`id`, `name`, `user_id`) VALUES ('44', 'asperiores', '44');
INSERT INTO `photo_albums` (`id`, `name`, `user_id`) VALUES ('45', 'quis', '45');
INSERT INTO `photo_albums` (`id`, `name`, `user_id`) VALUES ('46', 'nostrum', '46');
INSERT INTO `photo_albums` (`id`, `name`, `user_id`) VALUES ('47', 'qui', '47');
INSERT INTO `photo_albums` (`id`, `name`, `user_id`) VALUES ('48', 'qui', '48');
INSERT INTO `photo_albums` (`id`, `name`, `user_id`) VALUES ('49', 'ut', '49');
INSERT INTO `photo_albums` (`id`, `name`, `user_id`) VALUES ('50', 'laboriosam', '50');
INSERT INTO `photo_albums` (`id`, `name`, `user_id`) VALUES ('51', 'tempore', '51');
INSERT INTO `photo_albums` (`id`, `name`, `user_id`) VALUES ('52', 'consequatur', '52');
INSERT INTO `photo_albums` (`id`, `name`, `user_id`) VALUES ('53', 'omnis', '53');
INSERT INTO `photo_albums` (`id`, `name`, `user_id`) VALUES ('54', 'doloremque', '54');
INSERT INTO `photo_albums` (`id`, `name`, `user_id`) VALUES ('55', 'libero', '55');
INSERT INTO `photo_albums` (`id`, `name`, `user_id`) VALUES ('56', 'ipsa', '56');
INSERT INTO `photo_albums` (`id`, `name`, `user_id`) VALUES ('57', 'error', '57');
INSERT INTO `photo_albums` (`id`, `name`, `user_id`) VALUES ('58', 'veniam', '58');
INSERT INTO `photo_albums` (`id`, `name`, `user_id`) VALUES ('59', 'deleniti', '59');
INSERT INTO `photo_albums` (`id`, `name`, `user_id`) VALUES ('60', 'minima', '60');
INSERT INTO `photo_albums` (`id`, `name`, `user_id`) VALUES ('61', 'tempora', '61');
INSERT INTO `photo_albums` (`id`, `name`, `user_id`) VALUES ('62', 'dolorem', '62');
INSERT INTO `photo_albums` (`id`, `name`, `user_id`) VALUES ('63', 'et', '63');
INSERT INTO `photo_albums` (`id`, `name`, `user_id`) VALUES ('64', 'est', '64');
INSERT INTO `photo_albums` (`id`, `name`, `user_id`) VALUES ('65', 'ab', '65');
INSERT INTO `photo_albums` (`id`, `name`, `user_id`) VALUES ('66', 'eligendi', '66');
INSERT INTO `photo_albums` (`id`, `name`, `user_id`) VALUES ('67', 'harum', '67');
INSERT INTO `photo_albums` (`id`, `name`, `user_id`) VALUES ('68', 'ipsa', '68');
INSERT INTO `photo_albums` (`id`, `name`, `user_id`) VALUES ('69', 'deleniti', '69');
INSERT INTO `photo_albums` (`id`, `name`, `user_id`) VALUES ('70', 'repudiandae', '70');
INSERT INTO `photo_albums` (`id`, `name`, `user_id`) VALUES ('71', 'nam', '71');
INSERT INTO `photo_albums` (`id`, `name`, `user_id`) VALUES ('72', 'eum', '72');
INSERT INTO `photo_albums` (`id`, `name`, `user_id`) VALUES ('73', 'et', '73');
INSERT INTO `photo_albums` (`id`, `name`, `user_id`) VALUES ('74', 'a', '74');
INSERT INTO `photo_albums` (`id`, `name`, `user_id`) VALUES ('75', 'quidem', '75');
INSERT INTO `photo_albums` (`id`, `name`, `user_id`) VALUES ('76', 'distinctio', '76');
INSERT INTO `photo_albums` (`id`, `name`, `user_id`) VALUES ('77', 'iste', '77');
INSERT INTO `photo_albums` (`id`, `name`, `user_id`) VALUES ('78', 'qui', '78');
INSERT INTO `photo_albums` (`id`, `name`, `user_id`) VALUES ('79', 'aliquid', '79');
INSERT INTO `photo_albums` (`id`, `name`, `user_id`) VALUES ('80', 'voluptates', '80');
INSERT INTO `photo_albums` (`id`, `name`, `user_id`) VALUES ('81', 'eaque', '81');
INSERT INTO `photo_albums` (`id`, `name`, `user_id`) VALUES ('82', 'fugit', '82');
INSERT INTO `photo_albums` (`id`, `name`, `user_id`) VALUES ('83', 'sed', '83');
INSERT INTO `photo_albums` (`id`, `name`, `user_id`) VALUES ('84', 'in', '84');
INSERT INTO `photo_albums` (`id`, `name`, `user_id`) VALUES ('85', 'quia', '85');
INSERT INTO `photo_albums` (`id`, `name`, `user_id`) VALUES ('86', 'a', '86');
INSERT INTO `photo_albums` (`id`, `name`, `user_id`) VALUES ('87', 'et', '87');
INSERT INTO `photo_albums` (`id`, `name`, `user_id`) VALUES ('88', 'fugiat', '88');
INSERT INTO `photo_albums` (`id`, `name`, `user_id`) VALUES ('89', 'at', '89');
INSERT INTO `photo_albums` (`id`, `name`, `user_id`) VALUES ('90', 'eum', '90');
INSERT INTO `photo_albums` (`id`, `name`, `user_id`) VALUES ('91', 'quos', '91');
INSERT INTO `photo_albums` (`id`, `name`, `user_id`) VALUES ('92', 'sed', '92');
INSERT INTO `photo_albums` (`id`, `name`, `user_id`) VALUES ('93', 'eos', '93');
INSERT INTO `photo_albums` (`id`, `name`, `user_id`) VALUES ('94', 'nesciunt', '94');
INSERT INTO `photo_albums` (`id`, `name`, `user_id`) VALUES ('95', 'eius', '95');
INSERT INTO `photo_albums` (`id`, `name`, `user_id`) VALUES ('96', 'tempore', '96');
INSERT INTO `photo_albums` (`id`, `name`, `user_id`) VALUES ('97', 'possimus', '97');
INSERT INTO `photo_albums` (`id`, `name`, `user_id`) VALUES ('98', 'magnam', '98');
INSERT INTO `photo_albums` (`id`, `name`, `user_id`) VALUES ('99', 'eum', '99');
INSERT INTO `photo_albums` (`id`, `name`, `user_id`) VALUES ('100', 'amet', '100');


INSERT INTO `likes` (`id`, `user_id`, `media_id`, `created_at`, `news_id`) VALUES ('1', '1', '1', '1978-03-26 17:39:47', '1');
INSERT INTO `likes` (`id`, `user_id`, `media_id`, `created_at`, `news_id`) VALUES ('2', '2', '2', '2000-12-04 22:48:53', '2');
INSERT INTO `likes` (`id`, `user_id`, `media_id`, `created_at`, `news_id`) VALUES ('3', '3', '3', '1982-08-16 05:28:06', '3');
INSERT INTO `likes` (`id`, `user_id`, `media_id`, `created_at`, `news_id`) VALUES ('4', '4', '4', '1973-02-04 02:02:15', '4');
INSERT INTO `likes` (`id`, `user_id`, `media_id`, `created_at`, `news_id`) VALUES ('5', '5', '5', '1993-09-30 10:02:44', '5');
INSERT INTO `likes` (`id`, `user_id`, `media_id`, `created_at`, `news_id`) VALUES ('6', '6', '6', '1972-01-27 01:25:17', '6');
INSERT INTO `likes` (`id`, `user_id`, `media_id`, `created_at`, `news_id`) VALUES ('7', '7', '7', '1972-08-18 11:20:07', '7');
INSERT INTO `likes` (`id`, `user_id`, `media_id`, `created_at`, `news_id`) VALUES ('8', '8', '8', '2018-04-03 15:18:58', '8');
INSERT INTO `likes` (`id`, `user_id`, `media_id`, `created_at`, `news_id`) VALUES ('9', '9', '9', '1997-06-04 12:46:06', '9');
INSERT INTO `likes` (`id`, `user_id`, `media_id`, `created_at`, `news_id`) VALUES ('10', '10', '10', '2008-06-19 10:54:39', '10');
INSERT INTO `likes` (`id`, `user_id`, `media_id`, `created_at`, `news_id`) VALUES ('11', '11', '11', '1989-07-25 01:14:41', '11');
INSERT INTO `likes` (`id`, `user_id`, `media_id`, `created_at`, `news_id`) VALUES ('12', '12', '12', '2002-03-11 05:02:14', '12');
INSERT INTO `likes` (`id`, `user_id`, `media_id`, `created_at`, `news_id`) VALUES ('13', '13', '13', '1995-10-03 19:34:01', '13');
INSERT INTO `likes` (`id`, `user_id`, `media_id`, `created_at`, `news_id`) VALUES ('14', '14', '14', '2012-03-07 13:20:25', '14');
INSERT INTO `likes` (`id`, `user_id`, `media_id`, `created_at`, `news_id`) VALUES ('15', '15', '15', '1999-07-21 05:28:18', '15');
INSERT INTO `likes` (`id`, `user_id`, `media_id`, `created_at`, `news_id`) VALUES ('16', '16', '16', '1975-05-04 02:35:32', '16');
INSERT INTO `likes` (`id`, `user_id`, `media_id`, `created_at`, `news_id`) VALUES ('17', '17', '17', '1974-09-23 13:21:01', '17');
INSERT INTO `likes` (`id`, `user_id`, `media_id`, `created_at`, `news_id`) VALUES ('18', '18', '18', '1991-08-22 06:39:07', '18');
INSERT INTO `likes` (`id`, `user_id`, `media_id`, `created_at`, `news_id`) VALUES ('19', '19', '19', '2018-08-14 05:05:19', '19');
INSERT INTO `likes` (`id`, `user_id`, `media_id`, `created_at`, `news_id`) VALUES ('20', '20', '20', '1986-01-05 23:46:43', '20');
INSERT INTO `likes` (`id`, `user_id`, `media_id`, `created_at`, `news_id`) VALUES ('21', '21', '21', '1993-05-26 07:34:15', '21');
INSERT INTO `likes` (`id`, `user_id`, `media_id`, `created_at`, `news_id`) VALUES ('22', '22', '22', '2012-07-12 21:42:31', '22');
INSERT INTO `likes` (`id`, `user_id`, `media_id`, `created_at`, `news_id`) VALUES ('23', '23', '23', '2017-05-22 14:34:57', '23');
INSERT INTO `likes` (`id`, `user_id`, `media_id`, `created_at`, `news_id`) VALUES ('24', '24', '24', '1970-04-17 07:40:25', '24');
INSERT INTO `likes` (`id`, `user_id`, `media_id`, `created_at`, `news_id`) VALUES ('25', '25', '25', '1975-12-27 06:47:46', '25');
INSERT INTO `likes` (`id`, `user_id`, `media_id`, `created_at`, `news_id`) VALUES ('26', '26', '26', '2019-07-19 10:23:39', '26');
INSERT INTO `likes` (`id`, `user_id`, `media_id`, `created_at`, `news_id`) VALUES ('27', '27', '27', '2016-04-19 12:26:35', '27');
INSERT INTO `likes` (`id`, `user_id`, `media_id`, `created_at`, `news_id`) VALUES ('28', '28', '28', '2007-08-05 14:33:23', '28');
INSERT INTO `likes` (`id`, `user_id`, `media_id`, `created_at`, `news_id`) VALUES ('29', '29', '29', '1986-02-23 19:10:16', '29');
INSERT INTO `likes` (`id`, `user_id`, `media_id`, `created_at`, `news_id`) VALUES ('30', '30', '30', '1980-02-04 19:06:54', '30');
INSERT INTO `likes` (`id`, `user_id`, `media_id`, `created_at`, `news_id`) VALUES ('31', '31', '31', '2018-05-16 05:52:18', '31');
INSERT INTO `likes` (`id`, `user_id`, `media_id`, `created_at`, `news_id`) VALUES ('32', '32', '32', '1984-09-01 23:44:15', '32');
INSERT INTO `likes` (`id`, `user_id`, `media_id`, `created_at`, `news_id`) VALUES ('33', '33', '33', '2016-03-17 01:27:46', '33');
INSERT INTO `likes` (`id`, `user_id`, `media_id`, `created_at`, `news_id`) VALUES ('34', '34', '34', '1994-09-25 16:28:06', '34');
INSERT INTO `likes` (`id`, `user_id`, `media_id`, `created_at`, `news_id`) VALUES ('35', '35', '35', '1989-02-17 04:49:12', '35');
INSERT INTO `likes` (`id`, `user_id`, `media_id`, `created_at`, `news_id`) VALUES ('36', '36', '36', '2018-02-13 10:55:24', '36');
INSERT INTO `likes` (`id`, `user_id`, `media_id`, `created_at`, `news_id`) VALUES ('37', '37', '37', '1994-07-05 18:48:51', '37');
INSERT INTO `likes` (`id`, `user_id`, `media_id`, `created_at`, `news_id`) VALUES ('38', '38', '38', '1990-10-30 16:23:30', '38');
INSERT INTO `likes` (`id`, `user_id`, `media_id`, `created_at`, `news_id`) VALUES ('39', '39', '39', '1996-08-25 04:02:06', '39');
INSERT INTO `likes` (`id`, `user_id`, `media_id`, `created_at`, `news_id`) VALUES ('40', '40', '40', '1975-10-18 14:04:16', '40');
INSERT INTO `likes` (`id`, `user_id`, `media_id`, `created_at`, `news_id`) VALUES ('41', '41', '41', '1972-09-10 11:40:26', '41');
INSERT INTO `likes` (`id`, `user_id`, `media_id`, `created_at`, `news_id`) VALUES ('42', '42', '42', '2007-07-10 01:21:27', '42');
INSERT INTO `likes` (`id`, `user_id`, `media_id`, `created_at`, `news_id`) VALUES ('43', '43', '43', '2000-07-31 15:16:55', '43');
INSERT INTO `likes` (`id`, `user_id`, `media_id`, `created_at`, `news_id`) VALUES ('44', '44', '44', '1977-07-20 07:32:10', '44');
INSERT INTO `likes` (`id`, `user_id`, `media_id`, `created_at`, `news_id`) VALUES ('45', '45', '45', '1978-10-02 14:29:49', '45');
INSERT INTO `likes` (`id`, `user_id`, `media_id`, `created_at`, `news_id`) VALUES ('46', '46', '46', '1980-05-15 10:34:43', '46');
INSERT INTO `likes` (`id`, `user_id`, `media_id`, `created_at`, `news_id`) VALUES ('47', '47', '47', '1988-06-22 17:03:18', '47');
INSERT INTO `likes` (`id`, `user_id`, `media_id`, `created_at`, `news_id`) VALUES ('48', '48', '48', '1982-10-11 12:32:40', '48');
INSERT INTO `likes` (`id`, `user_id`, `media_id`, `created_at`, `news_id`) VALUES ('49', '49', '49', '2011-05-09 06:11:02', '49');
INSERT INTO `likes` (`id`, `user_id`, `media_id`, `created_at`, `news_id`) VALUES ('50', '50', '50', '1973-08-19 05:05:29', '50');
INSERT INTO `likes` (`id`, `user_id`, `media_id`, `created_at`, `news_id`) VALUES ('51', '51', '51', '2005-01-22 17:22:23', '51');
INSERT INTO `likes` (`id`, `user_id`, `media_id`, `created_at`, `news_id`) VALUES ('52', '52', '52', '2012-11-07 09:24:11', '52');
INSERT INTO `likes` (`id`, `user_id`, `media_id`, `created_at`, `news_id`) VALUES ('53', '53', '53', '2006-08-26 05:45:45', '53');
INSERT INTO `likes` (`id`, `user_id`, `media_id`, `created_at`, `news_id`) VALUES ('54', '54', '54', '1978-10-11 02:54:00', '54');
INSERT INTO `likes` (`id`, `user_id`, `media_id`, `created_at`, `news_id`) VALUES ('55', '55', '55', '2008-12-09 10:21:48', '55');
INSERT INTO `likes` (`id`, `user_id`, `media_id`, `created_at`, `news_id`) VALUES ('56', '56', '56', '1975-10-30 12:19:38', '56');
INSERT INTO `likes` (`id`, `user_id`, `media_id`, `created_at`, `news_id`) VALUES ('57', '57', '57', '2009-05-16 04:00:30', '57');
INSERT INTO `likes` (`id`, `user_id`, `media_id`, `created_at`, `news_id`) VALUES ('58', '58', '58', '2013-05-13 20:54:42', '58');
INSERT INTO `likes` (`id`, `user_id`, `media_id`, `created_at`, `news_id`) VALUES ('59', '59', '59', '2001-05-08 11:32:14', '59');
INSERT INTO `likes` (`id`, `user_id`, `media_id`, `created_at`, `news_id`) VALUES ('60', '60', '60', '1976-03-09 14:17:40', '60');
INSERT INTO `likes` (`id`, `user_id`, `media_id`, `created_at`, `news_id`) VALUES ('61', '61', '61', '1973-08-14 00:19:54', '61');
INSERT INTO `likes` (`id`, `user_id`, `media_id`, `created_at`, `news_id`) VALUES ('62', '62', '62', '2004-03-24 07:35:39', '62');
INSERT INTO `likes` (`id`, `user_id`, `media_id`, `created_at`, `news_id`) VALUES ('63', '63', '63', '1990-07-14 13:42:20', '63');
INSERT INTO `likes` (`id`, `user_id`, `media_id`, `created_at`, `news_id`) VALUES ('64', '64', '64', '2012-06-12 19:18:48', '64');
INSERT INTO `likes` (`id`, `user_id`, `media_id`, `created_at`, `news_id`) VALUES ('65', '65', '65', '1971-11-22 22:05:41', '65');
INSERT INTO `likes` (`id`, `user_id`, `media_id`, `created_at`, `news_id`) VALUES ('66', '66', '66', '1975-04-28 02:29:15', '66');
INSERT INTO `likes` (`id`, `user_id`, `media_id`, `created_at`, `news_id`) VALUES ('67', '67', '67', '2017-10-24 07:54:21', '67');
INSERT INTO `likes` (`id`, `user_id`, `media_id`, `created_at`, `news_id`) VALUES ('68', '68', '68', '1997-01-24 18:46:38', '68');
INSERT INTO `likes` (`id`, `user_id`, `media_id`, `created_at`, `news_id`) VALUES ('69', '69', '69', '1997-10-12 23:26:20', '69');
INSERT INTO `likes` (`id`, `user_id`, `media_id`, `created_at`, `news_id`) VALUES ('70', '70', '70', '1996-03-28 01:17:42', '70');
INSERT INTO `likes` (`id`, `user_id`, `media_id`, `created_at`, `news_id`) VALUES ('71', '71', '71', '1979-06-18 19:46:03', '71');
INSERT INTO `likes` (`id`, `user_id`, `media_id`, `created_at`, `news_id`) VALUES ('72', '72', '72', '2015-12-09 23:28:06', '72');
INSERT INTO `likes` (`id`, `user_id`, `media_id`, `created_at`, `news_id`) VALUES ('73', '73', '73', '1985-01-24 23:56:04', '73');
INSERT INTO `likes` (`id`, `user_id`, `media_id`, `created_at`, `news_id`) VALUES ('74', '74', '74', '1992-04-04 07:37:32', '74');
INSERT INTO `likes` (`id`, `user_id`, `media_id`, `created_at`, `news_id`) VALUES ('75', '75', '75', '1986-09-27 21:58:17', '75');
INSERT INTO `likes` (`id`, `user_id`, `media_id`, `created_at`, `news_id`) VALUES ('76', '76', '76', '1979-09-23 06:07:33', '76');
INSERT INTO `likes` (`id`, `user_id`, `media_id`, `created_at`, `news_id`) VALUES ('77', '77', '77', '1991-04-26 05:30:12', '77');
INSERT INTO `likes` (`id`, `user_id`, `media_id`, `created_at`, `news_id`) VALUES ('78', '78', '78', '2010-01-19 18:09:41', '78');
INSERT INTO `likes` (`id`, `user_id`, `media_id`, `created_at`, `news_id`) VALUES ('79', '79', '79', '2016-06-18 23:37:43', '79');
INSERT INTO `likes` (`id`, `user_id`, `media_id`, `created_at`, `news_id`) VALUES ('80', '80', '80', '1982-06-22 02:54:57', '80');
INSERT INTO `likes` (`id`, `user_id`, `media_id`, `created_at`, `news_id`) VALUES ('81', '81', '81', '1975-02-21 04:49:06', '81');
INSERT INTO `likes` (`id`, `user_id`, `media_id`, `created_at`, `news_id`) VALUES ('82', '82', '82', '1984-10-14 08:01:47', '82');
INSERT INTO `likes` (`id`, `user_id`, `media_id`, `created_at`, `news_id`) VALUES ('83', '83', '83', '1982-05-16 12:09:21', '83');
INSERT INTO `likes` (`id`, `user_id`, `media_id`, `created_at`, `news_id`) VALUES ('84', '84', '84', '1981-06-07 15:44:30', '84');
INSERT INTO `likes` (`id`, `user_id`, `media_id`, `created_at`, `news_id`) VALUES ('85', '85', '85', '1994-12-04 18:15:26', '85');
INSERT INTO `likes` (`id`, `user_id`, `media_id`, `created_at`, `news_id`) VALUES ('86', '86', '86', '2012-08-09 06:14:52', '86');
INSERT INTO `likes` (`id`, `user_id`, `media_id`, `created_at`, `news_id`) VALUES ('87', '87', '87', '2009-10-17 13:54:07', '87');
INSERT INTO `likes` (`id`, `user_id`, `media_id`, `created_at`, `news_id`) VALUES ('88', '88', '88', '1986-10-11 19:38:35', '88');
INSERT INTO `likes` (`id`, `user_id`, `media_id`, `created_at`, `news_id`) VALUES ('89', '89', '89', '1987-04-20 13:42:44', '89');
INSERT INTO `likes` (`id`, `user_id`, `media_id`, `created_at`, `news_id`) VALUES ('90', '90', '90', '2008-07-13 20:43:18', '90');
INSERT INTO `likes` (`id`, `user_id`, `media_id`, `created_at`, `news_id`) VALUES ('91', '91', '91', '1970-02-17 09:07:18', '91');
INSERT INTO `likes` (`id`, `user_id`, `media_id`, `created_at`, `news_id`) VALUES ('92', '92', '92', '1973-01-04 14:06:51', '92');
INSERT INTO `likes` (`id`, `user_id`, `media_id`, `created_at`, `news_id`) VALUES ('93', '93', '93', '1974-11-21 18:26:15', '93');
INSERT INTO `likes` (`id`, `user_id`, `media_id`, `created_at`, `news_id`) VALUES ('94', '94', '94', '1972-03-01 18:20:57', '94');
INSERT INTO `likes` (`id`, `user_id`, `media_id`, `created_at`, `news_id`) VALUES ('95', '95', '95', '2020-02-21 11:09:58', '95');
INSERT INTO `likes` (`id`, `user_id`, `media_id`, `created_at`, `news_id`) VALUES ('96', '96', '96', '2013-12-24 17:34:47', '96');
INSERT INTO `likes` (`id`, `user_id`, `media_id`, `created_at`, `news_id`) VALUES ('97', '97', '97', '1991-09-19 08:25:02', '97');
INSERT INTO `likes` (`id`, `user_id`, `media_id`, `created_at`, `news_id`) VALUES ('98', '98', '98', '2006-07-29 14:58:23', '98');
INSERT INTO `likes` (`id`, `user_id`, `media_id`, `created_at`, `news_id`) VALUES ('99', '99', '99', '1994-05-20 00:09:46', '99');
INSERT INTO `likes` (`id`, `user_id`, `media_id`, `created_at`, `news_id`) VALUES ('100', '100', '100', '2007-06-11 03:02:46', '100');


INSERT INTO `photos` (`id`, `album_id`, `media_id`) VALUES ('1', '1', '1');
INSERT INTO `photos` (`id`, `album_id`, `media_id`) VALUES ('2', '2', '2');
INSERT INTO `photos` (`id`, `album_id`, `media_id`) VALUES ('3', '3', '3');
INSERT INTO `photos` (`id`, `album_id`, `media_id`) VALUES ('4', '4', '4');
INSERT INTO `photos` (`id`, `album_id`, `media_id`) VALUES ('5', '5', '5');
INSERT INTO `photos` (`id`, `album_id`, `media_id`) VALUES ('6', '6', '6');
INSERT INTO `photos` (`id`, `album_id`, `media_id`) VALUES ('7', '7', '7');
INSERT INTO `photos` (`id`, `album_id`, `media_id`) VALUES ('8', '8', '8');
INSERT INTO `photos` (`id`, `album_id`, `media_id`) VALUES ('9', '9', '9');
INSERT INTO `photos` (`id`, `album_id`, `media_id`) VALUES ('10', '10', '10');
INSERT INTO `photos` (`id`, `album_id`, `media_id`) VALUES ('11', '11', '11');
INSERT INTO `photos` (`id`, `album_id`, `media_id`) VALUES ('12', '12', '12');
INSERT INTO `photos` (`id`, `album_id`, `media_id`) VALUES ('13', '13', '13');
INSERT INTO `photos` (`id`, `album_id`, `media_id`) VALUES ('14', '14', '14');
INSERT INTO `photos` (`id`, `album_id`, `media_id`) VALUES ('15', '15', '15');
INSERT INTO `photos` (`id`, `album_id`, `media_id`) VALUES ('16', '16', '16');
INSERT INTO `photos` (`id`, `album_id`, `media_id`) VALUES ('17', '17', '17');
INSERT INTO `photos` (`id`, `album_id`, `media_id`) VALUES ('18', '18', '18');
INSERT INTO `photos` (`id`, `album_id`, `media_id`) VALUES ('19', '19', '19');
INSERT INTO `photos` (`id`, `album_id`, `media_id`) VALUES ('20', '20', '20');
INSERT INTO `photos` (`id`, `album_id`, `media_id`) VALUES ('21', '21', '21');
INSERT INTO `photos` (`id`, `album_id`, `media_id`) VALUES ('22', '22', '22');
INSERT INTO `photos` (`id`, `album_id`, `media_id`) VALUES ('23', '23', '23');
INSERT INTO `photos` (`id`, `album_id`, `media_id`) VALUES ('24', '24', '24');
INSERT INTO `photos` (`id`, `album_id`, `media_id`) VALUES ('25', '25', '25');
INSERT INTO `photos` (`id`, `album_id`, `media_id`) VALUES ('26', '26', '26');
INSERT INTO `photos` (`id`, `album_id`, `media_id`) VALUES ('27', '27', '27');
INSERT INTO `photos` (`id`, `album_id`, `media_id`) VALUES ('28', '28', '28');
INSERT INTO `photos` (`id`, `album_id`, `media_id`) VALUES ('29', '29', '29');
INSERT INTO `photos` (`id`, `album_id`, `media_id`) VALUES ('30', '30', '30');
INSERT INTO `photos` (`id`, `album_id`, `media_id`) VALUES ('31', '31', '31');
INSERT INTO `photos` (`id`, `album_id`, `media_id`) VALUES ('32', '32', '32');
INSERT INTO `photos` (`id`, `album_id`, `media_id`) VALUES ('33', '33', '33');
INSERT INTO `photos` (`id`, `album_id`, `media_id`) VALUES ('34', '34', '34');
INSERT INTO `photos` (`id`, `album_id`, `media_id`) VALUES ('35', '35', '35');
INSERT INTO `photos` (`id`, `album_id`, `media_id`) VALUES ('36', '36', '36');
INSERT INTO `photos` (`id`, `album_id`, `media_id`) VALUES ('37', '37', '37');
INSERT INTO `photos` (`id`, `album_id`, `media_id`) VALUES ('38', '38', '38');
INSERT INTO `photos` (`id`, `album_id`, `media_id`) VALUES ('39', '39', '39');
INSERT INTO `photos` (`id`, `album_id`, `media_id`) VALUES ('40', '40', '40');
INSERT INTO `photos` (`id`, `album_id`, `media_id`) VALUES ('41', '41', '41');
INSERT INTO `photos` (`id`, `album_id`, `media_id`) VALUES ('42', '42', '42');
INSERT INTO `photos` (`id`, `album_id`, `media_id`) VALUES ('43', '43', '43');
INSERT INTO `photos` (`id`, `album_id`, `media_id`) VALUES ('44', '44', '44');
INSERT INTO `photos` (`id`, `album_id`, `media_id`) VALUES ('45', '45', '45');
INSERT INTO `photos` (`id`, `album_id`, `media_id`) VALUES ('46', '46', '46');
INSERT INTO `photos` (`id`, `album_id`, `media_id`) VALUES ('47', '47', '47');
INSERT INTO `photos` (`id`, `album_id`, `media_id`) VALUES ('48', '48', '48');
INSERT INTO `photos` (`id`, `album_id`, `media_id`) VALUES ('49', '49', '49');
INSERT INTO `photos` (`id`, `album_id`, `media_id`) VALUES ('50', '50', '50');
INSERT INTO `photos` (`id`, `album_id`, `media_id`) VALUES ('51', '51', '51');
INSERT INTO `photos` (`id`, `album_id`, `media_id`) VALUES ('52', '52', '52');
INSERT INTO `photos` (`id`, `album_id`, `media_id`) VALUES ('53', '53', '53');
INSERT INTO `photos` (`id`, `album_id`, `media_id`) VALUES ('54', '54', '54');
INSERT INTO `photos` (`id`, `album_id`, `media_id`) VALUES ('55', '55', '55');
INSERT INTO `photos` (`id`, `album_id`, `media_id`) VALUES ('56', '56', '56');
INSERT INTO `photos` (`id`, `album_id`, `media_id`) VALUES ('57', '57', '57');
INSERT INTO `photos` (`id`, `album_id`, `media_id`) VALUES ('58', '58', '58');
INSERT INTO `photos` (`id`, `album_id`, `media_id`) VALUES ('59', '59', '59');
INSERT INTO `photos` (`id`, `album_id`, `media_id`) VALUES ('60', '60', '60');
INSERT INTO `photos` (`id`, `album_id`, `media_id`) VALUES ('61', '61', '61');
INSERT INTO `photos` (`id`, `album_id`, `media_id`) VALUES ('62', '62', '62');
INSERT INTO `photos` (`id`, `album_id`, `media_id`) VALUES ('63', '63', '63');
INSERT INTO `photos` (`id`, `album_id`, `media_id`) VALUES ('64', '64', '64');
INSERT INTO `photos` (`id`, `album_id`, `media_id`) VALUES ('65', '65', '65');
INSERT INTO `photos` (`id`, `album_id`, `media_id`) VALUES ('66', '66', '66');
INSERT INTO `photos` (`id`, `album_id`, `media_id`) VALUES ('67', '67', '67');
INSERT INTO `photos` (`id`, `album_id`, `media_id`) VALUES ('68', '68', '68');
INSERT INTO `photos` (`id`, `album_id`, `media_id`) VALUES ('69', '69', '69');
INSERT INTO `photos` (`id`, `album_id`, `media_id`) VALUES ('70', '70', '70');
INSERT INTO `photos` (`id`, `album_id`, `media_id`) VALUES ('71', '71', '71');
INSERT INTO `photos` (`id`, `album_id`, `media_id`) VALUES ('72', '72', '72');
INSERT INTO `photos` (`id`, `album_id`, `media_id`) VALUES ('73', '73', '73');
INSERT INTO `photos` (`id`, `album_id`, `media_id`) VALUES ('74', '74', '74');
INSERT INTO `photos` (`id`, `album_id`, `media_id`) VALUES ('75', '75', '75');
INSERT INTO `photos` (`id`, `album_id`, `media_id`) VALUES ('76', '76', '76');
INSERT INTO `photos` (`id`, `album_id`, `media_id`) VALUES ('77', '77', '77');
INSERT INTO `photos` (`id`, `album_id`, `media_id`) VALUES ('78', '78', '78');
INSERT INTO `photos` (`id`, `album_id`, `media_id`) VALUES ('79', '79', '79');
INSERT INTO `photos` (`id`, `album_id`, `media_id`) VALUES ('80', '80', '80');
INSERT INTO `photos` (`id`, `album_id`, `media_id`) VALUES ('81', '81', '81');
INSERT INTO `photos` (`id`, `album_id`, `media_id`) VALUES ('82', '82', '82');
INSERT INTO `photos` (`id`, `album_id`, `media_id`) VALUES ('83', '83', '83');
INSERT INTO `photos` (`id`, `album_id`, `media_id`) VALUES ('84', '84', '84');
INSERT INTO `photos` (`id`, `album_id`, `media_id`) VALUES ('85', '85', '85');
INSERT INTO `photos` (`id`, `album_id`, `media_id`) VALUES ('86', '86', '86');
INSERT INTO `photos` (`id`, `album_id`, `media_id`) VALUES ('87', '87', '87');
INSERT INTO `photos` (`id`, `album_id`, `media_id`) VALUES ('88', '88', '88');
INSERT INTO `photos` (`id`, `album_id`, `media_id`) VALUES ('89', '89', '89');
INSERT INTO `photos` (`id`, `album_id`, `media_id`) VALUES ('90', '90', '90');
INSERT INTO `photos` (`id`, `album_id`, `media_id`) VALUES ('91', '91', '91');
INSERT INTO `photos` (`id`, `album_id`, `media_id`) VALUES ('92', '92', '92');
INSERT INTO `photos` (`id`, `album_id`, `media_id`) VALUES ('93', '93', '93');
INSERT INTO `photos` (`id`, `album_id`, `media_id`) VALUES ('94', '94', '94');
INSERT INTO `photos` (`id`, `album_id`, `media_id`) VALUES ('95', '95', '95');
INSERT INTO `photos` (`id`, `album_id`, `media_id`) VALUES ('96', '96', '96');
INSERT INTO `photos` (`id`, `album_id`, `media_id`) VALUES ('97', '97', '97');
INSERT INTO `photos` (`id`, `album_id`, `media_id`) VALUES ('98', '98', '98');
INSERT INTO `photos` (`id`, `album_id`, `media_id`) VALUES ('99', '99', '99');
INSERT INTO `photos` (`id`, `album_id`, `media_id`) VALUES ('100', '100', '100');


INSERT INTO `profiles` (`user_id`, `gender`, `birthday`, `photo_id`, `created_at`, `hometown`) VALUES ('1', NULL, '1985-04-20', '1', '1993-08-26 15:00:00', NULL);
INSERT INTO `profiles` (`user_id`, `gender`, `birthday`, `photo_id`, `created_at`, `hometown`) VALUES ('2', NULL, '1998-02-16', '2', '1981-01-21 12:24:04', NULL);
INSERT INTO `profiles` (`user_id`, `gender`, `birthday`, `photo_id`, `created_at`, `hometown`) VALUES ('3', NULL, '1989-08-19', '3', '1984-11-17 07:58:03', NULL);
INSERT INTO `profiles` (`user_id`, `gender`, `birthday`, `photo_id`, `created_at`, `hometown`) VALUES ('4', NULL, '1978-04-26', '4', '2003-08-24 13:19:55', NULL);
INSERT INTO `profiles` (`user_id`, `gender`, `birthday`, `photo_id`, `created_at`, `hometown`) VALUES ('5', NULL, '1982-11-14', '5', '1971-07-18 03:24:16', NULL);
INSERT INTO `profiles` (`user_id`, `gender`, `birthday`, `photo_id`, `created_at`, `hometown`) VALUES ('6', NULL, '1989-03-09', '6', '1994-09-02 20:27:37', NULL);
INSERT INTO `profiles` (`user_id`, `gender`, `birthday`, `photo_id`, `created_at`, `hometown`) VALUES ('7', NULL, '1989-04-22', '7', '2005-06-02 16:54:00', NULL);
INSERT INTO `profiles` (`user_id`, `gender`, `birthday`, `photo_id`, `created_at`, `hometown`) VALUES ('8', NULL, '1995-06-02', '8', '1979-06-21 23:30:16', NULL);
INSERT INTO `profiles` (`user_id`, `gender`, `birthday`, `photo_id`, `created_at`, `hometown`) VALUES ('9', NULL, '2001-08-30', '9', '1970-09-01 18:35:30', NULL);
INSERT INTO `profiles` (`user_id`, `gender`, `birthday`, `photo_id`, `created_at`, `hometown`) VALUES ('10', NULL, '1985-06-28', '10', '2007-06-08 22:24:04', NULL);
INSERT INTO `profiles` (`user_id`, `gender`, `birthday`, `photo_id`, `created_at`, `hometown`) VALUES ('11', NULL, '2012-09-01', '11', '2001-11-13 04:58:22', NULL);
INSERT INTO `profiles` (`user_id`, `gender`, `birthday`, `photo_id`, `created_at`, `hometown`) VALUES ('12', NULL, '2018-05-24', '12', '1996-04-09 10:21:12', NULL);
INSERT INTO `profiles` (`user_id`, `gender`, `birthday`, `photo_id`, `created_at`, `hometown`) VALUES ('13', NULL, '2017-09-11', '13', '2011-09-12 23:55:47', NULL);
INSERT INTO `profiles` (`user_id`, `gender`, `birthday`, `photo_id`, `created_at`, `hometown`) VALUES ('14', NULL, '1992-02-15', '14', '1999-05-13 19:32:43', NULL);
INSERT INTO `profiles` (`user_id`, `gender`, `birthday`, `photo_id`, `created_at`, `hometown`) VALUES ('15', NULL, '2018-06-17', '15', '1993-09-23 23:32:16', NULL);
INSERT INTO `profiles` (`user_id`, `gender`, `birthday`, `photo_id`, `created_at`, `hometown`) VALUES ('16', NULL, '2002-03-22', '16', '2000-01-09 04:20:56', NULL);
INSERT INTO `profiles` (`user_id`, `gender`, `birthday`, `photo_id`, `created_at`, `hometown`) VALUES ('17', NULL, '1975-05-06', '17', '1992-11-27 07:19:51', NULL);
INSERT INTO `profiles` (`user_id`, `gender`, `birthday`, `photo_id`, `created_at`, `hometown`) VALUES ('18', NULL, '1982-12-05', '18', '1990-09-23 21:06:28', NULL);
INSERT INTO `profiles` (`user_id`, `gender`, `birthday`, `photo_id`, `created_at`, `hometown`) VALUES ('19', NULL, '1997-12-10', '19', '1975-05-26 06:32:35', NULL);
INSERT INTO `profiles` (`user_id`, `gender`, `birthday`, `photo_id`, `created_at`, `hometown`) VALUES ('20', NULL, '1971-02-19', '20', '1977-08-17 22:44:16', NULL);
INSERT INTO `profiles` (`user_id`, `gender`, `birthday`, `photo_id`, `created_at`, `hometown`) VALUES ('21', NULL, '2018-05-22', '21', '1984-06-11 17:00:46', NULL);
INSERT INTO `profiles` (`user_id`, `gender`, `birthday`, `photo_id`, `created_at`, `hometown`) VALUES ('22', NULL, '2009-06-04', '22', '2004-10-25 23:37:47', NULL);
INSERT INTO `profiles` (`user_id`, `gender`, `birthday`, `photo_id`, `created_at`, `hometown`) VALUES ('23', NULL, '2017-01-07', '23', '1977-06-27 05:27:10', NULL);
INSERT INTO `profiles` (`user_id`, `gender`, `birthday`, `photo_id`, `created_at`, `hometown`) VALUES ('24', NULL, '1972-11-10', '24', '2007-05-15 16:49:39', NULL);
INSERT INTO `profiles` (`user_id`, `gender`, `birthday`, `photo_id`, `created_at`, `hometown`) VALUES ('25', NULL, '2005-01-08', '25', '2003-11-19 06:53:37', NULL);
INSERT INTO `profiles` (`user_id`, `gender`, `birthday`, `photo_id`, `created_at`, `hometown`) VALUES ('26', NULL, '1997-08-17', '26', '1996-09-13 00:32:00', NULL);
INSERT INTO `profiles` (`user_id`, `gender`, `birthday`, `photo_id`, `created_at`, `hometown`) VALUES ('27', NULL, '2012-06-27', '27', '1981-07-22 04:20:01', NULL);
INSERT INTO `profiles` (`user_id`, `gender`, `birthday`, `photo_id`, `created_at`, `hometown`) VALUES ('28', NULL, '2014-03-31', '28', '2000-07-07 02:23:28', NULL);
INSERT INTO `profiles` (`user_id`, `gender`, `birthday`, `photo_id`, `created_at`, `hometown`) VALUES ('29', NULL, '2014-03-17', '29', '1978-05-01 04:19:13', NULL);
INSERT INTO `profiles` (`user_id`, `gender`, `birthday`, `photo_id`, `created_at`, `hometown`) VALUES ('30', NULL, '2006-10-18', '30', '1980-03-15 07:51:45', NULL);
INSERT INTO `profiles` (`user_id`, `gender`, `birthday`, `photo_id`, `created_at`, `hometown`) VALUES ('31', NULL, '1997-02-24', '31', '2010-06-10 06:48:17', NULL);
INSERT INTO `profiles` (`user_id`, `gender`, `birthday`, `photo_id`, `created_at`, `hometown`) VALUES ('32', NULL, '1972-11-18', '32', '1997-06-24 17:08:47', NULL);
INSERT INTO `profiles` (`user_id`, `gender`, `birthday`, `photo_id`, `created_at`, `hometown`) VALUES ('33', NULL, '2006-09-13', '33', '1973-09-28 22:07:02', NULL);
INSERT INTO `profiles` (`user_id`, `gender`, `birthday`, `photo_id`, `created_at`, `hometown`) VALUES ('34', NULL, '1996-09-17', '34', '2008-11-28 20:29:02', NULL);
INSERT INTO `profiles` (`user_id`, `gender`, `birthday`, `photo_id`, `created_at`, `hometown`) VALUES ('35', NULL, '2003-05-23', '35', '1993-08-30 17:31:13', NULL);
INSERT INTO `profiles` (`user_id`, `gender`, `birthday`, `photo_id`, `created_at`, `hometown`) VALUES ('36', NULL, '1981-12-19', '36', '2013-05-07 23:32:23', NULL);
INSERT INTO `profiles` (`user_id`, `gender`, `birthday`, `photo_id`, `created_at`, `hometown`) VALUES ('37', NULL, '1994-11-02', '37', '2001-07-11 22:09:12', NULL);
INSERT INTO `profiles` (`user_id`, `gender`, `birthday`, `photo_id`, `created_at`, `hometown`) VALUES ('38', NULL, '1990-07-07', '38', '1973-10-18 02:39:54', NULL);
INSERT INTO `profiles` (`user_id`, `gender`, `birthday`, `photo_id`, `created_at`, `hometown`) VALUES ('39', NULL, '1989-06-01', '39', '1989-10-14 01:43:02', NULL);
INSERT INTO `profiles` (`user_id`, `gender`, `birthday`, `photo_id`, `created_at`, `hometown`) VALUES ('40', NULL, '2004-02-14', '40', '1989-08-03 23:05:19', NULL);
INSERT INTO `profiles` (`user_id`, `gender`, `birthday`, `photo_id`, `created_at`, `hometown`) VALUES ('41', NULL, '1988-11-13', '41', '1985-07-17 08:42:38', NULL);
INSERT INTO `profiles` (`user_id`, `gender`, `birthday`, `photo_id`, `created_at`, `hometown`) VALUES ('42', NULL, '2012-08-13', '42', '1972-12-13 16:41:23', NULL);
INSERT INTO `profiles` (`user_id`, `gender`, `birthday`, `photo_id`, `created_at`, `hometown`) VALUES ('43', NULL, '2006-12-01', '43', '1997-11-01 11:54:42', NULL);
INSERT INTO `profiles` (`user_id`, `gender`, `birthday`, `photo_id`, `created_at`, `hometown`) VALUES ('44', NULL, '1985-11-27', '44', '1977-09-13 00:13:26', NULL);
INSERT INTO `profiles` (`user_id`, `gender`, `birthday`, `photo_id`, `created_at`, `hometown`) VALUES ('45', NULL, '2010-03-14', '45', '1985-11-14 09:33:46', NULL);
INSERT INTO `profiles` (`user_id`, `gender`, `birthday`, `photo_id`, `created_at`, `hometown`) VALUES ('46', NULL, '2010-11-28', '46', '1971-01-30 16:03:02', NULL);
INSERT INTO `profiles` (`user_id`, `gender`, `birthday`, `photo_id`, `created_at`, `hometown`) VALUES ('47', NULL, '1976-06-25', '47', '1986-11-04 16:24:23', NULL);
INSERT INTO `profiles` (`user_id`, `gender`, `birthday`, `photo_id`, `created_at`, `hometown`) VALUES ('48', NULL, '2018-11-08', '48', '2011-07-17 07:01:08', NULL);
INSERT INTO `profiles` (`user_id`, `gender`, `birthday`, `photo_id`, `created_at`, `hometown`) VALUES ('49', NULL, '2014-05-12', '49', '2018-02-12 05:52:05', NULL);
INSERT INTO `profiles` (`user_id`, `gender`, `birthday`, `photo_id`, `created_at`, `hometown`) VALUES ('50', NULL, '2016-07-15', '50', '1986-11-12 11:52:52', NULL);
INSERT INTO `profiles` (`user_id`, `gender`, `birthday`, `photo_id`, `created_at`, `hometown`) VALUES ('51', NULL, '1974-12-25', '51', '2006-12-26 17:32:34', NULL);
INSERT INTO `profiles` (`user_id`, `gender`, `birthday`, `photo_id`, `created_at`, `hometown`) VALUES ('52', NULL, '1985-11-27', '52', '1993-12-11 12:19:49', NULL);
INSERT INTO `profiles` (`user_id`, `gender`, `birthday`, `photo_id`, `created_at`, `hometown`) VALUES ('53', NULL, '1994-07-13', '53', '2004-11-18 05:58:41', NULL);
INSERT INTO `profiles` (`user_id`, `gender`, `birthday`, `photo_id`, `created_at`, `hometown`) VALUES ('54', NULL, '2011-01-10', '54', '1981-10-06 16:29:24', NULL);
INSERT INTO `profiles` (`user_id`, `gender`, `birthday`, `photo_id`, `created_at`, `hometown`) VALUES ('55', NULL, '2015-10-02', '55', '2016-05-01 12:43:55', NULL);
INSERT INTO `profiles` (`user_id`, `gender`, `birthday`, `photo_id`, `created_at`, `hometown`) VALUES ('56', NULL, '1997-09-23', '56', '1981-04-17 12:07:50', NULL);
INSERT INTO `profiles` (`user_id`, `gender`, `birthday`, `photo_id`, `created_at`, `hometown`) VALUES ('57', NULL, '1978-11-03', '57', '1984-07-29 22:48:52', NULL);
INSERT INTO `profiles` (`user_id`, `gender`, `birthday`, `photo_id`, `created_at`, `hometown`) VALUES ('58', NULL, '2012-03-25', '58', '1995-01-26 03:20:34', NULL);
INSERT INTO `profiles` (`user_id`, `gender`, `birthday`, `photo_id`, `created_at`, `hometown`) VALUES ('59', NULL, '1984-08-17', '59', '1986-09-14 19:49:00', NULL);
INSERT INTO `profiles` (`user_id`, `gender`, `birthday`, `photo_id`, `created_at`, `hometown`) VALUES ('60', NULL, '2006-02-24', '60', '2014-06-26 05:26:58', NULL);
INSERT INTO `profiles` (`user_id`, `gender`, `birthday`, `photo_id`, `created_at`, `hometown`) VALUES ('61', NULL, '1977-01-15', '61', '2004-03-28 12:54:37', NULL);
INSERT INTO `profiles` (`user_id`, `gender`, `birthday`, `photo_id`, `created_at`, `hometown`) VALUES ('62', NULL, '1997-07-14', '62', '1975-05-14 08:49:02', NULL);
INSERT INTO `profiles` (`user_id`, `gender`, `birthday`, `photo_id`, `created_at`, `hometown`) VALUES ('63', NULL, '2005-09-12', '63', '1983-11-17 20:34:04', NULL);
INSERT INTO `profiles` (`user_id`, `gender`, `birthday`, `photo_id`, `created_at`, `hometown`) VALUES ('64', NULL, '1990-06-10', '64', '1995-03-22 05:17:27', NULL);
INSERT INTO `profiles` (`user_id`, `gender`, `birthday`, `photo_id`, `created_at`, `hometown`) VALUES ('65', NULL, '1983-11-06', '65', '2016-02-23 01:47:49', NULL);
INSERT INTO `profiles` (`user_id`, `gender`, `birthday`, `photo_id`, `created_at`, `hometown`) VALUES ('66', NULL, '1970-12-27', '66', '1974-03-17 01:17:37', NULL);
INSERT INTO `profiles` (`user_id`, `gender`, `birthday`, `photo_id`, `created_at`, `hometown`) VALUES ('67', NULL, '2015-12-03', '67', '1990-06-10 06:03:25', NULL);
INSERT INTO `profiles` (`user_id`, `gender`, `birthday`, `photo_id`, `created_at`, `hometown`) VALUES ('68', NULL, '1989-02-06', '68', '2017-04-17 17:57:30', NULL);
INSERT INTO `profiles` (`user_id`, `gender`, `birthday`, `photo_id`, `created_at`, `hometown`) VALUES ('69', NULL, '1970-01-04', '69', '1989-12-04 14:25:46', NULL);
INSERT INTO `profiles` (`user_id`, `gender`, `birthday`, `photo_id`, `created_at`, `hometown`) VALUES ('70', NULL, '2002-06-06', '70', '1988-05-28 11:14:35', NULL);
INSERT INTO `profiles` (`user_id`, `gender`, `birthday`, `photo_id`, `created_at`, `hometown`) VALUES ('71', NULL, '2017-12-06', '71', '1977-05-04 07:04:19', NULL);
INSERT INTO `profiles` (`user_id`, `gender`, `birthday`, `photo_id`, `created_at`, `hometown`) VALUES ('72', NULL, '1996-10-04', '72', '2010-02-12 12:44:34', NULL);
INSERT INTO `profiles` (`user_id`, `gender`, `birthday`, `photo_id`, `created_at`, `hometown`) VALUES ('73', NULL, '1981-10-21', '73', '2016-12-04 22:15:07', NULL);
INSERT INTO `profiles` (`user_id`, `gender`, `birthday`, `photo_id`, `created_at`, `hometown`) VALUES ('74', NULL, '1977-04-07', '74', '1973-02-12 07:21:03', NULL);
INSERT INTO `profiles` (`user_id`, `gender`, `birthday`, `photo_id`, `created_at`, `hometown`) VALUES ('75', NULL, '2013-06-20', '75', '2010-03-17 15:03:48', NULL);
INSERT INTO `profiles` (`user_id`, `gender`, `birthday`, `photo_id`, `created_at`, `hometown`) VALUES ('76', NULL, '2000-03-13', '76', '2016-07-27 09:00:07', NULL);
INSERT INTO `profiles` (`user_id`, `gender`, `birthday`, `photo_id`, `created_at`, `hometown`) VALUES ('77', NULL, '1996-06-08', '77', '1999-09-08 07:47:37', NULL);
INSERT INTO `profiles` (`user_id`, `gender`, `birthday`, `photo_id`, `created_at`, `hometown`) VALUES ('78', NULL, '2003-09-07', '78', '1971-03-31 05:48:13', NULL);
INSERT INTO `profiles` (`user_id`, `gender`, `birthday`, `photo_id`, `created_at`, `hometown`) VALUES ('79', NULL, '1998-05-20', '79', '1995-01-08 21:18:42', NULL);
INSERT INTO `profiles` (`user_id`, `gender`, `birthday`, `photo_id`, `created_at`, `hometown`) VALUES ('80', NULL, '2018-05-23', '80', '2017-09-26 13:23:04', NULL);
INSERT INTO `profiles` (`user_id`, `gender`, `birthday`, `photo_id`, `created_at`, `hometown`) VALUES ('81', NULL, '1979-01-25', '81', '2005-02-17 08:24:57', NULL);
INSERT INTO `profiles` (`user_id`, `gender`, `birthday`, `photo_id`, `created_at`, `hometown`) VALUES ('82', NULL, '2009-06-24', '82', '2005-03-16 13:19:03', NULL);
INSERT INTO `profiles` (`user_id`, `gender`, `birthday`, `photo_id`, `created_at`, `hometown`) VALUES ('83', NULL, '1987-10-30', '83', '2009-11-21 18:46:07', NULL);
INSERT INTO `profiles` (`user_id`, `gender`, `birthday`, `photo_id`, `created_at`, `hometown`) VALUES ('84', NULL, '1972-02-18', '84', '2017-05-30 14:56:53', NULL);
INSERT INTO `profiles` (`user_id`, `gender`, `birthday`, `photo_id`, `created_at`, `hometown`) VALUES ('85', NULL, '1996-03-18', '85', '2014-09-18 22:51:07', NULL);
INSERT INTO `profiles` (`user_id`, `gender`, `birthday`, `photo_id`, `created_at`, `hometown`) VALUES ('86', NULL, '1981-03-05', '86', '2010-12-30 05:18:28', NULL);
INSERT INTO `profiles` (`user_id`, `gender`, `birthday`, `photo_id`, `created_at`, `hometown`) VALUES ('87', NULL, '1972-12-17', '87', '1976-01-20 06:46:21', NULL);
INSERT INTO `profiles` (`user_id`, `gender`, `birthday`, `photo_id`, `created_at`, `hometown`) VALUES ('88', NULL, '2006-03-21', '88', '2009-07-18 19:05:47', NULL);
INSERT INTO `profiles` (`user_id`, `gender`, `birthday`, `photo_id`, `created_at`, `hometown`) VALUES ('89', NULL, '1995-01-16', '89', '2017-03-18 10:57:27', NULL);
INSERT INTO `profiles` (`user_id`, `gender`, `birthday`, `photo_id`, `created_at`, `hometown`) VALUES ('90', NULL, '1998-02-10', '90', '2015-06-08 20:18:11', NULL);
INSERT INTO `profiles` (`user_id`, `gender`, `birthday`, `photo_id`, `created_at`, `hometown`) VALUES ('91', NULL, '2014-03-12', '91', '1970-11-28 14:26:54', NULL);
INSERT INTO `profiles` (`user_id`, `gender`, `birthday`, `photo_id`, `created_at`, `hometown`) VALUES ('92', NULL, '2010-06-14', '92', '1999-11-16 14:24:05', NULL);
INSERT INTO `profiles` (`user_id`, `gender`, `birthday`, `photo_id`, `created_at`, `hometown`) VALUES ('93', NULL, '1972-07-27', '93', '1975-06-22 09:36:22', NULL);
INSERT INTO `profiles` (`user_id`, `gender`, `birthday`, `photo_id`, `created_at`, `hometown`) VALUES ('94', NULL, '2011-08-13', '94', '2009-03-29 01:47:29', NULL);
INSERT INTO `profiles` (`user_id`, `gender`, `birthday`, `photo_id`, `created_at`, `hometown`) VALUES ('95', NULL, '1975-07-24', '95', '2007-11-05 13:44:41', NULL);
INSERT INTO `profiles` (`user_id`, `gender`, `birthday`, `photo_id`, `created_at`, `hometown`) VALUES ('96', NULL, '1993-11-24', '96', '1983-08-27 13:51:30', NULL);
INSERT INTO `profiles` (`user_id`, `gender`, `birthday`, `photo_id`, `created_at`, `hometown`) VALUES ('97', NULL, '1971-02-05', '97', '1979-01-17 23:04:34', NULL);
INSERT INTO `profiles` (`user_id`, `gender`, `birthday`, `photo_id`, `created_at`, `hometown`) VALUES ('98', NULL, '2017-06-12', '98', '2012-11-26 21:53:15', NULL);
INSERT INTO `profiles` (`user_id`, `gender`, `birthday`, `photo_id`, `created_at`, `hometown`) VALUES ('99', NULL, '1988-04-11', '99', '1988-09-21 00:38:16', NULL);
INSERT INTO `profiles` (`user_id`, `gender`, `birthday`, `photo_id`, `created_at`, `hometown`) VALUES ('100', NULL, '2000-04-22', '100', '2015-09-06 06:08:59', NULL);




INSERT INTO `users_communities` (`user_id`, `community_id`) VALUES ('1', '1');
INSERT INTO `users_communities` (`user_id`, `community_id`) VALUES ('2', '2');
INSERT INTO `users_communities` (`user_id`, `community_id`) VALUES ('3', '3');
INSERT INTO `users_communities` (`user_id`, `community_id`) VALUES ('4', '4');
INSERT INTO `users_communities` (`user_id`, `community_id`) VALUES ('5', '5');
INSERT INTO `users_communities` (`user_id`, `community_id`) VALUES ('6', '6');
INSERT INTO `users_communities` (`user_id`, `community_id`) VALUES ('7', '7');
INSERT INTO `users_communities` (`user_id`, `community_id`) VALUES ('8', '8');
INSERT INTO `users_communities` (`user_id`, `community_id`) VALUES ('9', '9');
INSERT INTO `users_communities` (`user_id`, `community_id`) VALUES ('10', '10');
INSERT INTO `users_communities` (`user_id`, `community_id`) VALUES ('11', '11');
INSERT INTO `users_communities` (`user_id`, `community_id`) VALUES ('12', '12');
INSERT INTO `users_communities` (`user_id`, `community_id`) VALUES ('13', '13');
INSERT INTO `users_communities` (`user_id`, `community_id`) VALUES ('14', '14');
INSERT INTO `users_communities` (`user_id`, `community_id`) VALUES ('15', '15');
INSERT INTO `users_communities` (`user_id`, `community_id`) VALUES ('16', '16');
INSERT INTO `users_communities` (`user_id`, `community_id`) VALUES ('17', '17');
INSERT INTO `users_communities` (`user_id`, `community_id`) VALUES ('18', '18');
INSERT INTO `users_communities` (`user_id`, `community_id`) VALUES ('19', '19');
INSERT INTO `users_communities` (`user_id`, `community_id`) VALUES ('20', '20');
INSERT INTO `users_communities` (`user_id`, `community_id`) VALUES ('21', '21');
INSERT INTO `users_communities` (`user_id`, `community_id`) VALUES ('22', '22');
INSERT INTO `users_communities` (`user_id`, `community_id`) VALUES ('23', '23');
INSERT INTO `users_communities` (`user_id`, `community_id`) VALUES ('24', '24');
INSERT INTO `users_communities` (`user_id`, `community_id`) VALUES ('25', '25');
INSERT INTO `users_communities` (`user_id`, `community_id`) VALUES ('26', '26');
INSERT INTO `users_communities` (`user_id`, `community_id`) VALUES ('27', '27');
INSERT INTO `users_communities` (`user_id`, `community_id`) VALUES ('28', '28');
INSERT INTO `users_communities` (`user_id`, `community_id`) VALUES ('29', '29');
INSERT INTO `users_communities` (`user_id`, `community_id`) VALUES ('30', '30');
INSERT INTO `users_communities` (`user_id`, `community_id`) VALUES ('31', '31');
INSERT INTO `users_communities` (`user_id`, `community_id`) VALUES ('32', '32');
INSERT INTO `users_communities` (`user_id`, `community_id`) VALUES ('33', '33');
INSERT INTO `users_communities` (`user_id`, `community_id`) VALUES ('34', '34');
INSERT INTO `users_communities` (`user_id`, `community_id`) VALUES ('35', '35');
INSERT INTO `users_communities` (`user_id`, `community_id`) VALUES ('36', '36');
INSERT INTO `users_communities` (`user_id`, `community_id`) VALUES ('37', '37');
INSERT INTO `users_communities` (`user_id`, `community_id`) VALUES ('38', '38');
INSERT INTO `users_communities` (`user_id`, `community_id`) VALUES ('39', '39');
INSERT INTO `users_communities` (`user_id`, `community_id`) VALUES ('40', '40');
INSERT INTO `users_communities` (`user_id`, `community_id`) VALUES ('41', '41');
INSERT INTO `users_communities` (`user_id`, `community_id`) VALUES ('42', '42');
INSERT INTO `users_communities` (`user_id`, `community_id`) VALUES ('43', '43');
INSERT INTO `users_communities` (`user_id`, `community_id`) VALUES ('44', '44');
INSERT INTO `users_communities` (`user_id`, `community_id`) VALUES ('45', '45');
INSERT INTO `users_communities` (`user_id`, `community_id`) VALUES ('46', '46');
INSERT INTO `users_communities` (`user_id`, `community_id`) VALUES ('47', '47');
INSERT INTO `users_communities` (`user_id`, `community_id`) VALUES ('48', '48');
INSERT INTO `users_communities` (`user_id`, `community_id`) VALUES ('49', '49');
INSERT INTO `users_communities` (`user_id`, `community_id`) VALUES ('50', '50');
INSERT INTO `users_communities` (`user_id`, `community_id`) VALUES ('51', '51');
INSERT INTO `users_communities` (`user_id`, `community_id`) VALUES ('52', '52');
INSERT INTO `users_communities` (`user_id`, `community_id`) VALUES ('53', '53');
INSERT INTO `users_communities` (`user_id`, `community_id`) VALUES ('54', '54');
INSERT INTO `users_communities` (`user_id`, `community_id`) VALUES ('55', '55');
INSERT INTO `users_communities` (`user_id`, `community_id`) VALUES ('56', '56');
INSERT INTO `users_communities` (`user_id`, `community_id`) VALUES ('57', '57');
INSERT INTO `users_communities` (`user_id`, `community_id`) VALUES ('58', '58');
INSERT INTO `users_communities` (`user_id`, `community_id`) VALUES ('59', '59');
INSERT INTO `users_communities` (`user_id`, `community_id`) VALUES ('60', '60');
INSERT INTO `users_communities` (`user_id`, `community_id`) VALUES ('61', '61');
INSERT INTO `users_communities` (`user_id`, `community_id`) VALUES ('62', '62');
INSERT INTO `users_communities` (`user_id`, `community_id`) VALUES ('63', '63');
INSERT INTO `users_communities` (`user_id`, `community_id`) VALUES ('64', '64');
INSERT INTO `users_communities` (`user_id`, `community_id`) VALUES ('65', '65');
INSERT INTO `users_communities` (`user_id`, `community_id`) VALUES ('66', '66');
INSERT INTO `users_communities` (`user_id`, `community_id`) VALUES ('67', '67');
INSERT INTO `users_communities` (`user_id`, `community_id`) VALUES ('68', '68');
INSERT INTO `users_communities` (`user_id`, `community_id`) VALUES ('69', '69');
INSERT INTO `users_communities` (`user_id`, `community_id`) VALUES ('70', '70');
INSERT INTO `users_communities` (`user_id`, `community_id`) VALUES ('71', '71');
INSERT INTO `users_communities` (`user_id`, `community_id`) VALUES ('72', '72');
INSERT INTO `users_communities` (`user_id`, `community_id`) VALUES ('73', '73');
INSERT INTO `users_communities` (`user_id`, `community_id`) VALUES ('74', '74');
INSERT INTO `users_communities` (`user_id`, `community_id`) VALUES ('75', '75');
INSERT INTO `users_communities` (`user_id`, `community_id`) VALUES ('76', '76');
INSERT INTO `users_communities` (`user_id`, `community_id`) VALUES ('77', '77');
INSERT INTO `users_communities` (`user_id`, `community_id`) VALUES ('78', '78');
INSERT INTO `users_communities` (`user_id`, `community_id`) VALUES ('79', '79');
INSERT INTO `users_communities` (`user_id`, `community_id`) VALUES ('80', '80');
INSERT INTO `users_communities` (`user_id`, `community_id`) VALUES ('81', '81');
INSERT INTO `users_communities` (`user_id`, `community_id`) VALUES ('82', '82');
INSERT INTO `users_communities` (`user_id`, `community_id`) VALUES ('83', '83');
INSERT INTO `users_communities` (`user_id`, `community_id`) VALUES ('84', '84');
INSERT INTO `users_communities` (`user_id`, `community_id`) VALUES ('85', '85');
INSERT INTO `users_communities` (`user_id`, `community_id`) VALUES ('86', '86');
INSERT INTO `users_communities` (`user_id`, `community_id`) VALUES ('87', '87');
INSERT INTO `users_communities` (`user_id`, `community_id`) VALUES ('88', '88');
INSERT INTO `users_communities` (`user_id`, `community_id`) VALUES ('89', '89');
INSERT INTO `users_communities` (`user_id`, `community_id`) VALUES ('90', '90');
INSERT INTO `users_communities` (`user_id`, `community_id`) VALUES ('91', '91');
INSERT INTO `users_communities` (`user_id`, `community_id`) VALUES ('92', '92');
INSERT INTO `users_communities` (`user_id`, `community_id`) VALUES ('93', '93');
INSERT INTO `users_communities` (`user_id`, `community_id`) VALUES ('94', '94');
INSERT INTO `users_communities` (`user_id`, `community_id`) VALUES ('95', '95');
INSERT INTO `users_communities` (`user_id`, `community_id`) VALUES ('96', '96');
INSERT INTO `users_communities` (`user_id`, `community_id`) VALUES ('97', '97');
INSERT INTO `users_communities` (`user_id`, `community_id`) VALUES ('98', '98');
INSERT INTO `users_communities` (`user_id`, `community_id`) VALUES ('99', '99');
INSERT INTO `users_communities` (`user_id`, `community_id`) VALUES ('100', '100');